pair,time_ms,FDR
Al_board-Al_board,0.0,0.0
Al_board-Al_board,1.0,0.0
Al_board-Al_board,2.0,0.0
Al_board-Al_board,3.0,0.0
Al_board-Al_board,4.0,0.00010471204187933452
Al_board-Al_board,5.0,4.933399335568421e-05
Al_board-Al_board,6.0,0.0001605450324221431
Al_board-Al_board,7.0,0.0002782624149279587
Al_board-Al_board,8.0,0.00011997564324859324
Al_board-Al_board,9.0,0.000241918979963587
Al_board-Al_board,10.0,0.0002137374828502298
Al_board-Al_board,11.0,0.00011480441286260238
Al_board-Al_board,12.0,7.015186449676115e-05
Al_board-Al_board,13.0,6.504823079779668e-05
Al_board-Al_board,14.0,3.141280448302394e-05
Al_board-Al_board,15.0,6.469404900947674e-05
Al_board-Al_board,16.0,9.062568433686056e-05
Al_board-Al_board,17.0,6.439151982143077e-05
Al_board-Al_board,18.0,9.398810256122573e-05
Al_board-Al_board,19.0,5.4921993432197885e-05
Al_board-Al_board,20.0,7.830995533336161e-05
Al_board-Al_board,21.0,8.433946791463925e-05
Al_board-Al_board,22.0,6.524181164387741e-05
Al_board-Al_board,23.0,5.961556556573374e-05
Al_board-Al_board,24.0,6.25585691634137e-05
Al_board-Al_board,25.0,5.68287965686403e-05
Al_board-Al_board,26.0,6.569969749377455e-05
Al_board-Al_board,27.0,8.1482614451119e-05
Al_board-Al_board,28.0,7.532889210115569e-05
Al_board-Al_board,29.0,0.00010475440144915844
Al_board-Al_board,30.0,0.00011121767034200378
Al_board-Al_board,31.0,0.0001265878003689125
Al_board-Al_board,32.0,0.0001478189059774108
Al_board-Al_board,33.0,0.0001699648527722886
Al_board-Al_board,34.0,0.00021583282955380106
Al_board-Al_board,35.0,0.00026320059886806506
Al_board-Al_board,36.0,0.0002782283403915015
Al_board-Al_board,37.0,0.0002846352510660381
Al_board-Al_board,38.0,0.0003592116561510766
Al_board-Al_board,39.0,0.00037781350433752954
Al_board-Al_board,40.0,0.0003697779163867456
Al_board-Al_board,41.0,0.0003827060707964702
Al_board-Al_board,42.0,0.00043979607677357583
Al_board-Al_board,43.0,0.0005105098040419714
Al_board-Al_board,44.0,0.0005160244286069928
Al_board-Al_board,45.0,0.0006334728312557433
Al_board-Al_board,46.0,0.0006493620155524398
Al_board-Al_board,47.0,0.0007676632984154495
Al_board-Al_board,48.0,0.0006829640376653487
Al_board-Al_board,49.0,0.0006940377094189558
Al_board-Al_board,50.0,0.0007134206180246749
Al_board-Al_board,51.0,0.000775559411049773
Al_board-Al_board,52.0,0.0007067357049635345
Al_board-Al_board,53.0,0.0006348072820119741
Al_board-Al_board,54.0,0.0004272904722340696
Al_board-Al_board,55.0,0.0003062951092715642
Al_board-Al_board,56.0,0.00024774727618703617
Al_board-Al_board,57.0,0.00018983787713386336
Al_board-Al_board,58.0,0.00011869620892061744
Al_board-Al_board,59.0,9.053129340755195e-05
Al_board-Al_board,60.0,7.513851519433539e-05
Al_board-Al_board,61.0,6.849905793641433e-05
Al_board-Al_board,62.0,7.009115538022033e-05
Al_board-Al_board,63.0,7.171978491589894e-05
Al_board-Al_board,64.0,5.423045957605128e-05
Al_board-Al_board,65.0,6.25164070413468e-05
Al_board-Al_board,66.0,5.084290727411801e-05
Al_board-Al_board,67.0,5.398794306910705e-05
Al_board-Al_board,68.0,5.2637177784424455e-05
Al_board-Al_board,69.0,5.532968811859611e-05
Al_board-Al_board,70.0,6.434805163523706e-05
Al_board-Al_board,71.0,6.145574461593774e-05
Al_board-Al_board,72.0,8.283788193749734e-05
Al_board-Al_board,73.0,6.320496571482348e-05
Al_board-Al_board,74.0,9.798910942396872e-05
Al_board-Al_board,75.0,6.175870706396272e-05
Al_board-Al_board,76.0,3.143243985616288e-05
Al_board-Al_board,77.0,6.599381854588322e-05
Al_board-Al_board,78.0,4.814524207783446e-05
Al_board-Al_board,79.0,5.7898957890852365e-05
Al_board-Al_board,80.0,6.156989846852299e-05
Al_board-Al_board,81.0,8.233697783463707e-05
Al_board-Al_board,82.0,8.201245387391732e-05
Al_board-Al_board,83.0,6.999447295063901e-05
Al_board-Al_board,84.0,7.655171442694506e-05
Al_board-Al_board,85.0,6.762599867819827e-05
Al_board-Al_board,86.0,7.2489354262737e-05
Al_board-Al_board,87.0,4.623948642268648e-05
Al_board-Al_board,88.0,4.372598804757822e-05
Al_board-Al_board,89.0,3.546416100389439e-05
Al_board-Al_board,90.0,2.7208052661603395e-05
Al_board-Al_board,91.0,4.270942141561465e-05
Al_board-Al_board,92.0,5.1342923298517134e-05
Al_board-Al_board,93.0,5.2695576298992166e-05
Al_board-Al_board,94.0,4.3212968355740496e-05
Al_board-Al_board,95.0,6.513690355697176e-05
Al_board-Al_board,96.0,5.3979820788437006e-05
Al_board-Al_board,97.0,5.037541576904907e-05
Al_board-Al_board,98.0,3.479786298939e-05
Al_board-Al_board,99.0,6.0188315348713356e-05
Al_board-Al_board,100.0,8.228900798131106e-05
Al_board-Al_board,101.0,0.00010160769402846667
Al_board-Al_board,102.0,6.861762658337185e-05
Al_board-Al_board,103.0,0.00011789482836905698
Al_board-Al_board,104.0,0.00012384718737211336
Al_board-Al_board,105.0,0.00012674502385015806
Al_board-Al_board,106.0,0.0001274446577602183
Al_board-Al_board,107.0,7.847795254091046e-05
Al_board-Al_board,108.0,7.239688392710018e-05
Al_board-Al_board,109.0,9.987250338288664e-05
Al_board-Al_board,110.0,0.00010594092824876562
Al_board-Al_board,111.0,0.00015000594485764724
Al_board-Al_board,112.0,0.00017425568994345242
Al_board-Al_board,113.0,0.00021837614675621975
Al_board-Al_board,114.0,0.00021115887163084565
Al_board-Al_board,115.0,0.00024784615010918536
Al_board-Al_board,116.0,0.0002274895833589563
Al_board-Al_board,117.0,0.00021567275235860625
Al_board-Al_board,118.0,0.000268744875664551
Al_board-Al_board,119.0,0.00030711599462605936
Al_board-Al_board,120.0,0.0002053732854097685
Al_board-Al_board,121.0,0.00014208058718696362
Al_board-Al_board,122.0,0.0001564835654687798
Al_board-Al_board,123.0,0.00019080498304801567
Al_board-Al_board,124.0,0.0001480625069286875
Al_board-Al_board,125.0,0.00013329106600327466
Al_board-Al_board,126.0,0.00012425629471213588
Al_board-Al_board,127.0,0.00019669517333803038
Al_board-Al_board,128.0,0.00013537787692238543
Al_board-Al_board,129.0,0.00010923751898075728
Al_board-Al_board,130.0,0.00013174674564414758
Al_board-Al_board,131.0,0.00014461989916173974
Al_board-Al_board,132.0,0.00014616455279469642
Al_board-Al_board,133.0,9.260385381316108e-05
Al_board-Al_board,134.0,7.340662895180002e-05
Al_board-Al_board,135.0,0.00010467188608204655
Al_board-Al_board,136.0,8.047738245860528e-05
Al_board-Al_board,137.0,6.120953571197469e-05
Al_board-Al_board,138.0,5.4629736856559535e-05
Al_board-Al_board,139.0,6.233321228039185e-05
Al_board-Al_board,140.0,7.069423219074762e-05
Al_board-Al_board,141.0,5.2185374331118866e-05
Al_board-Al_board,142.0,5.97260794990321e-05
Al_board-Al_board,143.0,5.763649108319039e-05
Al_board-Al_board,144.0,3.627635238902651e-05
Al_board-Al_board,145.0,6.976345891797967e-05
Al_board-Al_board,146.0,5.313060340869655e-05
Al_board-Al_board,147.0,6.0495282665038426e-05
Al_board-Al_board,148.0,5.258643133353662e-05
Al_board-Al_board,149.0,5.459585196358349e-05
Al_board-Al_board,150.0,5.977902439763863e-05
Al_board-Al_board,151.0,3.959103712120845e-05
Al_board-Al_board,152.0,4.4294020495934776e-05
Al_board-Al_board,153.0,4.008859422876987e-05
Al_board-Al_board,154.0,6.274855880964767e-05
Al_board-Al_board,155.0,6.963895052593524e-05
Al_board-Al_board,156.0,9.077505100787763e-05
Al_board-Al_board,157.0,8.336858535658074e-05
Al_board-Al_board,158.0,7.084471764065698e-05
Al_board-Al_board,159.0,8.302225722100668e-05
Al_board-Al_board,160.0,0.00012124352591241925
Al_board-Al_board,161.0,7.85573953570327e-05
Al_board-Al_board,162.0,7.720253482771059e-05
Al_board-Al_board,163.0,9.780052877015898e-05
Al_board-Al_board,164.0,0.0001504830136279472
Al_board-Al_board,165.0,0.00023767520174575025
Al_board-Al_board,166.0,0.0003006694486340176
Al_board-Al_board,167.0,0.000351559609033583
Al_board-Al_board,168.0,0.0003917730519055404
Al_board-Al_board,169.0,0.0004079184641098794
Al_board-Al_board,170.0,0.0003990952554435109
Al_board-Al_board,171.0,0.00038434039969907364
Al_board-Al_board,172.0,0.0004832260827041236
Al_board-Al_board,173.0,0.00039440545471026067
Al_board-Al_board,174.0,0.00043360320797196903
Al_board-Al_board,175.0,0.00043322394828265444
Al_board-Al_board,176.0,0.0004170963536630557
Al_board-Al_board,177.0,0.0005453314435654303
Al_board-Al_board,178.0,0.0005227283385746915
Al_board-Al_board,179.0,0.0005524865152636071
Al_board-Al_board,180.0,0.0005352148954849006
Al_board-Al_board,181.0,0.00043864728060553145
Al_board-Al_board,182.0,0.0004321708174586012
Al_board-Al_board,183.0,0.0004426971352192817
Al_board-Al_board,184.0,0.0004864969229775375
Al_board-Al_board,185.0,0.00036186530295723553
Al_board-Al_board,186.0,0.00029535493229543617
Al_board-Al_board,187.0,0.00017569474863598413
Al_board-Al_board,188.0,0.00011967477314198791
Al_board-Al_board,189.0,7.345735874641488e-05
Al_board-Al_board,190.0,8.325585115884095e-05
Al_board-Al_board,191.0,6.509046730434274e-05
Al_board-Al_board,192.0,6.497824532080799e-05
Al_board-Al_board,193.0,7.648664867950619e-05
Al_board-Al_board,194.0,8.632747110142634e-05
Al_board-Al_board,195.0,9.14086620425462e-05
Al_board-Al_board,196.0,0.00010415299718768411
Al_board-Al_board,197.0,0.00011303411059844593
Al_board-Al_board,198.0,8.025823623322972e-05
Al_board-Al_board,199.0,0.00010933122074227166
Al_board-Al_board,200.0,0.00013493619597009678
Al_board-Al_board,201.0,0.00012665658989828937
Al_board-Al_board,202.0,0.00012384690355960655
Al_board-Al_board,203.0,0.00012748747216339174
Al_board-Al_board,204.0,0.0001164330420862517
Al_board-Al_board,205.0,9.243821437380544e-05
Al_board-Al_board,206.0,0.0001159247824742859
Al_board-Al_board,207.0,0.00018727525597216012
Al_board-Al_board,208.0,0.00021370894730741137
Al_board-Al_board,209.0,0.00022655803481900808
Al_board-Al_board,210.0,0.0002894631491910948
Al_board-Al_board,211.0,0.0002587228797692658
Al_board-Al_board,212.0,0.00039280576765415084
Al_board-Al_board,213.0,0.00034173500347432534
Al_board-Al_board,214.0,0.00043415717842555944
Al_board-Al_board,215.0,0.0004900618609885645
Al_board-Al_board,216.0,0.0005778745951288081
Al_board-Al_board,217.0,0.0005192372459127773
Al_board-Al_board,218.0,0.0005308059865067307
Al_board-Al_board,219.0,0.0005617559064947373
Al_board-Al_board,220.0,0.00046445974424532695
Al_board-Al_board,221.0,0.0003918867183778743
Al_board-Al_board,222.0,0.0003180040094122138
Al_board-Al_board,223.0,0.00023881633056316038
Al_board-Al_board,224.0,0.00016867645594767378
Al_board-Al_board,225.0,0.00018346177692590536
Al_board-Al_board,226.0,0.00011285092210540956
Al_board-Al_board,227.0,8.856232323270663e-05
Al_board-Al_board,228.0,8.800791897526858e-05
Al_board-Al_board,229.0,5.760391028183862e-05
Al_board-Al_board,230.0,8.939264402795834e-05
Al_board-Al_board,231.0,0.00011255562215862857
Al_board-Al_board,232.0,0.00012986338380491488
Al_board-Al_board,233.0,0.0001777997873319716
Al_board-Al_board,234.0,0.00025484048467997356
Al_board-Al_board,235.0,0.0003515275311552166
Al_board-Al_board,236.0,0.0004025012290729434
Al_board-Al_board,237.0,0.0004229066540011611
Al_board-Al_board,238.0,0.0004943865956685744
Al_board-Al_board,239.0,0.0005821429951673902
Al_board-Al_board,240.0,0.0006212482999675842
Al_board-Al_board,241.0,0.0006051161712772313
Al_board-Al_board,242.0,0.0006641294515899676
Al_board-Al_board,243.0,0.0005181515525915583
Al_board-Al_board,244.0,0.0004934915966670142
Al_board-Al_board,245.0,0.0005359409595693908
Al_board-Al_board,246.0,0.0007020633518132964
Al_board-Al_board,247.0,0.0005947105703451059
Al_board-Al_board,248.0,0.0005078669618134894
Al_board-Al_board,249.0,0.00044728890249656696
Al_board-Al_board,250.0,0.0003209529039775422
Al_board-Al_board,251.0,0.00029387284291635405
Al_board-Al_board,252.0,0.00018748531420336088
Al_board-Al_board,253.0,0.00020456512638004828
Al_board-Al_board,254.0,0.00015655342000459323
Al_board-Al_board,255.0,9.971109301127015e-05
Al_board-Al_board,256.0,8.529497999362946e-05
Al_board-Al_board,257.0,8.50813480102956e-05
Al_board-Al_board,258.0,8.461656747708631e-05
Al_board-Al_board,259.0,8.365928635155288e-05
Al_board-Al_board,260.0,7.530714334755082e-05
Al_board-Al_board,261.0,7.168163281060456e-05
Al_board-Al_board,262.0,8.343481981309484e-05
Al_board-Al_board,263.0,0.00010507678881410165
Al_board-Al_board,264.0,0.00010144128273892326
Al_board-Al_board,265.0,9.801488205052717e-05
Al_board-Al_board,266.0,9.699070999538821e-05
Al_board-Al_board,267.0,0.00013592742925243792
Al_board-Al_board,268.0,0.00014409685535634806
Al_board-Al_board,269.0,0.00016503159434177987
Al_board-Al_board,270.0,0.00019375277957229007
Al_board-Al_board,271.0,0.0002091105303426829
Al_board-Al_board,272.0,0.00026363066452082064
Al_board-Al_board,273.0,0.00033111349631659493
Al_board-Al_board,274.0,0.0003276891925423942
Al_board-Al_board,275.0,0.00038156342289373866
Al_board-Al_board,276.0,0.0003852661101458013
Al_board-Al_board,277.0,0.000475670902523194
Al_board-Al_board,278.0,0.0004033117145824968
Al_board-Al_board,279.0,0.0004427589823192552
Al_board-Al_board,280.0,0.0004071267157633233
Al_board-Al_board,281.0,0.00039298268943802327
Al_board-Al_board,282.0,0.0004218373590148583
Al_board-Al_board,283.0,0.000416841664780105
Al_board-Al_board,284.0,0.0003948641686418071
Al_board-Al_board,285.0,0.0003770706761136507
Al_board-Al_board,286.0,0.00036319579369792777
Al_board-Al_board,287.0,0.0003381012213697998
Al_board-Al_board,288.0,0.0002601655713668494
Al_board-Al_board,289.0,0.00027961760277386003
Al_board-Al_board,290.0,0.00023686587618703677
Al_board-Al_board,291.0,0.00030019308964876295
Al_board-Al_board,292.0,0.00030796562067454106
Al_board-Al_board,293.0,0.0003063473016458559
Al_board-Al_board,294.0,0.00023214723952092193
Al_board-Al_board,295.0,0.0002227199462352779
Al_board-Al_board,296.0,0.00017729766557237194
Al_board-Al_board,297.0,0.00013638521535388643
Al_board-Al_board,298.0,0.0001128188201115972
Al_board-Al_board,299.0,0.00010048530877528911
Al_board-Al_board,300.0,8.568785509287152e-05
Al_board-Al_board,301.0,6.551580669241716e-05
Al_board-Al_board,302.0,8.16131206765371e-05
Al_board-Al_board,303.0,5.529829610376921e-05
Al_board-Al_board,304.0,6.086364571626526e-05
Al_board-Al_board,305.0,8.736459766331071e-05
Al_board-Al_board,306.0,8.928262833526746e-05
Al_board-Al_board,307.0,0.00010974488341498934
Al_board-Al_board,308.0,0.0001280452903024339
Al_board-Al_board,309.0,0.00016006024775039942
Al_board-Al_board,310.0,0.000150700188771178
Al_board-Al_board,311.0,0.0002178526469949367
Al_board-Al_board,312.0,0.00017796964799068565
Al_board-Al_board,313.0,0.00018768497718475269
Al_board-Al_board,314.0,0.0001943367192367552
Al_board-Al_board,315.0,0.00015072016214719313
Al_board-Al_board,316.0,0.0001795244244011706
Al_board-Al_board,317.0,0.00016153164224354716
Al_board-Al_board,318.0,0.00010571022450468213
Al_board-Al_board,319.0,9.979317158589364e-05
Al_board-Al_board,320.0,7.507002742997252e-05
Al_board-Al_board,321.0,0.00010067022122900469
Al_board-Al_board,322.0,0.00010539019783466719
Al_board-Al_board,323.0,5.851939506136663e-05
Al_board-Al_board,324.0,6.236023039071576e-05
Al_board-Al_board,325.0,6.086111758309226e-05
Al_board-Al_board,326.0,4.743394902957673e-05
Al_board-Al_board,327.0,4.391029685306323e-05
Al_board-Al_board,328.0,5.523200594058852e-05
Al_board-Al_board,329.0,5.448231699914437e-05
Al_board-Al_board,330.0,5.920617477542023e-05
Al_board-Al_board,331.0,6.335628991137742e-05
Al_board-Al_board,332.0,8.385541125550569e-05
Al_board-Al_board,333.0,0.00014000907339062417
Al_board-Al_board,334.0,0.00015136457307344956
Al_board-Al_board,335.0,0.00023743324812181888
Al_board-Al_board,336.0,0.00023163834204060788
Al_board-Al_board,337.0,0.0002863726920674787
Al_board-Al_board,338.0,0.00037965398267739587
Al_board-Al_board,339.0,0.00040319047836439355
Al_board-Al_board,340.0,0.0004299008436270297
Al_board-Al_board,341.0,0.00044025413958973886
Al_board-Al_board,342.0,0.00042668021431353694
Al_board-Al_board,343.0,0.0005644111067633363
Al_board-Al_board,344.0,0.0006248830628460707
Al_board-Al_board,345.0,0.0006225630170705358
Al_board-Al_board,346.0,0.0006494271271630239
Al_board-Al_board,347.0,0.0006499484528494817
Al_board-Al_board,348.0,0.0005805854262184143
Al_board-Al_board,349.0,0.0005612679587264984
Al_board-Al_board,350.0,0.000544956058774619
Al_board-Al_board,351.0,0.0005913962962891559
Al_board-Al_board,352.0,0.000684414989248817
Al_board-Al_board,353.0,0.0005943290729259916
Al_board-Al_board,354.0,0.0004396887753260208
Al_board-Al_board,355.0,0.00034679168196239963
Al_board-Al_board,356.0,0.0004960736746753813
Al_board-Al_board,357.0,0.00047040139940290985
Al_board-Al_board,358.0,0.00047116229221242885
Al_board-Al_board,359.0,0.0003873998397521718
Al_board-Al_board,360.0,0.0003620441016912852
Al_board-Al_board,361.0,0.00036135803221005325
Al_board-Al_board,362.0,0.0002961408254219353
Al_board-Al_board,363.0,0.00025891777979147434
Al_board-Al_board,364.0,0.00023768609234278031
Al_board-Al_board,365.0,0.00018919892121145896
Al_board-Al_board,366.0,0.00012147371092203402
Al_board-Al_board,367.0,8.135792639789671e-05
Al_board-Al_board,368.0,9.676689714906378e-05
Al_board-Al_board,369.0,8.699118286982302e-05
Al_board-Al_board,370.0,9.218136544834294e-05
Al_board-Al_board,371.0,0.0001640112489972168
Al_board-Al_board,372.0,0.00016690201110957956
Al_board-Al_board,373.0,0.00021561629601513974
Al_board-Al_board,374.0,0.0002523908689762279
Al_board-Al_board,375.0,0.0002568781205793138
Al_board-Al_board,376.0,0.0002480822537818105
Al_board-Al_board,377.0,0.00030564005615471687
Al_board-Al_board,378.0,0.0003132231594814084
Al_board-Al_board,379.0,0.00033619363794565196
Al_board-Al_board,380.0,0.00034079263349176607
Al_board-Al_board,381.0,0.0003446821503798477
Al_board-Al_board,382.0,0.0003568188456240223
Al_board-Al_board,383.0,0.0003961733814082089
Al_board-Al_board,384.0,0.00044280938225022036
Al_board-Al_board,385.0,0.0004980290714592562
Al_board-Al_board,386.0,0.0005407773649781503
Al_board-Al_board,387.0,0.0006616063451812235
Al_board-Al_board,388.0,0.0006567456430909164
Al_board-Al_board,389.0,0.0006577032849509029
Al_board-Al_board,390.0,0.0006188280264611915
Al_board-Al_board,391.0,0.0006476228747747068
Al_board-Al_board,392.0,0.0006694087290779683
Al_board-Al_board,393.0,0.0005740257041939501
Al_board-Al_board,394.0,0.0004896946627408259
Al_board-Al_board,395.0,0.00044290493489508863
Al_board-Al_board,396.0,0.0004214615066529287
Al_board-Al_board,397.0,0.0003679260197910631
Al_board-Al_board,398.0,0.0004021138948541233
Al_board-Al_board,399.0,0.0003202929351697579
Al_board-Al_board,400.0,0.00029238036543689176
Al_board-Al_board,401.0,0.0002646760240641635
Al_board-Al_board,402.0,0.00018850119448954983
Al_board-Al_board,403.0,0.00018488806511325425
Al_board-Al_board,404.0,0.00019645457896417796
Al_board-Al_board,405.0,0.00017759006090043187
Al_board-Al_board,406.0,0.0001743793126131284
Al_board-Al_board,407.0,0.00011629818969061791
Al_board-Al_board,408.0,9.187259842665443e-05
Al_board-Al_board,409.0,9.55551291574563e-05
Al_board-Al_board,410.0,8.14021113980314e-05
Al_board-Al_board,411.0,8.21571561092202e-05
Al_board-Al_board,412.0,6.823193020265766e-05
Al_board-Al_board,413.0,5.728275523502002e-05
Al_board-Al_board,414.0,6.797064639308275e-05
Al_board-Al_board,415.0,6.668007088038272e-05
Al_board-Al_board,416.0,5.297636896490294e-05
Al_board-Al_board,417.0,7.079322361288598e-05
Al_board-Al_board,418.0,7.160662651210614e-05
Al_board-Al_board,419.0,8.196355720006234e-05
Al_board-Al_board,420.0,9.90157837205251e-05
Al_board-Al_board,421.0,6.634952863077668e-05
Al_board-Al_board,422.0,6.884056793507e-05
Al_board-Al_board,423.0,8.182373926891942e-05
Al_board-Al_board,424.0,7.573762379367012e-05
Al_board-Al_board,425.0,6.084639345871182e-05
Al_board-Al_board,426.0,7.483702265810861e-05
Al_board-Al_board,427.0,7.554308698465654e-05
Al_board-Al_board,428.0,6.558173913469173e-05
Al_board-Al_board,429.0,8.643252462572195e-05
Al_board-Al_board,430.0,3.777929065914485e-05
Al_board-Al_board,431.0,4.5554090984504515e-05
Al_board-Al_board,432.0,5.89567673859735e-05
Al_board-Al_board,433.0,8.435012319734384e-05
Al_board-Al_board,434.0,8.91403466066394e-05
Al_board-Al_board,435.0,7.391076411922502e-05
Al_board-Al_board,436.0,5.031693262620384e-05
Al_board-Al_board,437.0,4.582752972665341e-05
Al_board-Al_board,438.0,4.220797260836365e-05
Al_board-Al_board,439.0,3.5021054139639944e-05
Al_board-Al_board,440.0,4.691364846158016e-05
Al_board-Al_board,441.0,6.867835214641956e-05
Al_board-Al_board,442.0,6.990751402817919e-05
Al_board-Al_board,443.0,5.045656950603307e-05
Al_board-Al_board,444.0,5.9352209841727094e-05
Al_board-Al_board,445.0,6.659965423362268e-05
Al_board-Al_board,446.0,7.267098977997157e-05
Al_board-Al_board,447.0,6.600026917854896e-05
Al_board-Al_board,448.0,6.263884144674025e-05
Al_board-Al_board,449.0,6.158924599613184e-05
Al_board-Al_board,450.0,8.329451756870662e-05
Al_board-Al_board,451.0,0.00010149735002619144
Al_board-Al_board,452.0,0.00014832196882936472
Al_board-Al_board,453.0,0.0001431925348940172
Al_board-Al_board,454.0,0.0001590966769941959
Al_board-Al_board,455.0,0.0001809355522398902
Al_board-Al_board,456.0,0.00021367565098818193
Al_board-Al_board,457.0,0.0002159351591630202
Al_board-Al_board,458.0,0.00025046664161424673
Al_board-Al_board,459.0,0.00033454618116590646
Al_board-Al_board,460.0,0.00034867413547910264
Al_board-Al_board,461.0,0.00033468803713952754
Al_board-Al_board,462.0,0.00041132133890018426
Al_board-Al_board,463.0,0.0003620105095058049
Al_board-Al_board,464.0,0.0003007089382684529
Al_board-Al_board,465.0,0.00023551258639779133
Al_board-Al_board,466.0,0.00027091660589255743
Al_board-Al_board,467.0,0.00018272366219929497
Al_board-Al_board,468.0,0.0001900016482101146
Al_board-Al_board,469.0,0.00014221284330245647
Al_board-Al_board,470.0,0.00011837399274508232
Al_board-Al_board,471.0,7.319993073351977e-05
Al_board-Al_board,472.0,4.9608928390176005e-05
Al_board-Al_board,473.0,5.093725405609867e-05
Al_board-Al_board,474.0,6.230070016019009e-05
Al_board-Al_board,475.0,7.313279286796562e-05
Al_board-Al_board,476.0,9.935128615322989e-05
Al_board-Al_board,477.0,0.00014846123046078326
Al_board-Al_board,478.0,0.00017286814689996817
Al_board-Al_board,479.0,0.0002651932046122691
Al_board-Al_board,480.0,0.0002710923890011687
Al_board-Al_board,481.0,0.00032794380130005314
Al_board-Al_board,482.0,0.00032130115472909116
Al_board-Al_board,483.0,0.00037974271110602294
Al_board-Al_board,484.0,0.0004435079822086823
Al_board-Al_board,485.0,0.0005114386986662318
Al_board-Al_board,486.0,0.0004843941388722491
Al_board-Al_board,487.0,0.0004884758223478013
Al_board-Al_board,488.0,0.00040424855259956204
Al_board-Al_board,489.0,0.0003761751970933524
Al_board-Al_board,490.0,0.00040655467953224774
Al_board-Al_board,491.0,0.00045678021811491334
Al_board-Al_board,492.0,0.0003707153930221799
Al_board-Al_board,493.0,0.00030356195769524346
Al_board-Al_board,494.0,0.00025820645907948864
Al_board-Al_board,495.0,0.00019568939962352446
Al_board-Al_board,496.0,0.0002257423772192265
Al_board-Al_board,497.0,0.00018709449858487066
Al_board-Al_board,498.0,0.00013451704963317868
Al_board-Al_board,499.0,0.00010230391864712591
Al_board-Al_board,500.0,0.00010230391864712426
Al_board-wood_board,0.0,0.0
Al_board-wood_board,1.0,0.0
Al_board-wood_board,2.0,0.0
Al_board-wood_board,3.0,0.00010101010096928883
Al_board-wood_board,4.0,3.9794070208057133e-05
Al_board-wood_board,5.0,1.5379477537282388e-05
Al_board-wood_board,6.0,4.197817958295275e-05
Al_board-wood_board,7.0,3.732039286574518e-05
Al_board-wood_board,8.0,6.815153537876667e-05
Al_board-wood_board,9.0,9.119075240833139e-05
Al_board-wood_board,10.0,9.432343346682177e-05
Al_board-wood_board,11.0,6.228587948840947e-05
Al_board-wood_board,12.0,8.030144643605757e-05
Al_board-wood_board,13.0,0.00012079344262852526
Al_board-wood_board,14.0,0.0001774039801711765
Al_board-wood_board,15.0,0.00018954482623008965
Al_board-wood_board,16.0,0.00023413356386658692
Al_board-wood_board,17.0,0.0002668690781013368
Al_board-wood_board,18.0,0.0002684484578376783
Al_board-wood_board,19.0,0.0002593643338768443
Al_board-wood_board,20.0,0.00028127595606163404
Al_board-wood_board,21.0,0.00029117583973541924
Al_board-wood_board,22.0,0.0003378616138067444
Al_board-wood_board,23.0,0.00036942797129881614
Al_board-wood_board,24.0,0.00034255979654000175
Al_board-wood_board,25.0,0.0003408699807149152
Al_board-wood_board,26.0,0.00040577577064486735
Al_board-wood_board,27.0,0.0004398685350700042
Al_board-wood_board,28.0,0.00041694929264275607
Al_board-wood_board,29.0,0.0004603394545034477
Al_board-wood_board,30.0,0.0004786554444373465
Al_board-wood_board,31.0,0.0004925275059675384
Al_board-wood_board,32.0,0.0005352022701236219
Al_board-wood_board,33.0,0.0005395437348422707
Al_board-wood_board,34.0,0.0005378613813486564
Al_board-wood_board,35.0,0.0005132858238391301
Al_board-wood_board,36.0,0.000489935051914808
Al_board-wood_board,37.0,0.000554212900520124
Al_board-wood_board,38.0,0.0005354934476588625
Al_board-wood_board,39.0,0.0005392334196583095
Al_board-wood_board,40.0,0.0006274083006904044
Al_board-wood_board,41.0,0.0005508692005965571
Al_board-wood_board,42.0,0.0005611253528263829
Al_board-wood_board,43.0,0.0005542662320136318
Al_board-wood_board,44.0,0.0005535089437465121
Al_board-wood_board,45.0,0.0005940031358730145
Al_board-wood_board,46.0,0.0006542129244055025
Al_board-wood_board,47.0,0.0005975631918545355
Al_board-wood_board,48.0,0.0006345998037333486
Al_board-wood_board,49.0,0.0007176802811958857
Al_board-wood_board,50.0,0.0007407498677097261
Al_board-wood_board,51.0,0.0006980024502455983
Al_board-wood_board,52.0,0.0006940524764845301
Al_board-wood_board,53.0,0.0006733977102740835
Al_board-wood_board,54.0,0.0006678277828952946
Al_board-wood_board,55.0,0.0006175045172413518
Al_board-wood_board,56.0,0.0005882338174834774
Al_board-wood_board,57.0,0.0005476190038804673
Al_board-wood_board,58.0,0.000552091246387235
Al_board-wood_board,59.0,0.0005271665321029493
Al_board-wood_board,60.0,0.0005315140672945252
Al_board-wood_board,61.0,0.0005030082428544207
Al_board-wood_board,62.0,0.0004812111601346213
Al_board-wood_board,63.0,0.0004550909438772774
Al_board-wood_board,64.0,0.0004574564991315151
Al_board-wood_board,65.0,0.0004394541571808276
Al_board-wood_board,66.0,0.00048327470987948295
Al_board-wood_board,67.0,0.0005265510692449121
Al_board-wood_board,68.0,0.0005372263334910849
Al_board-wood_board,69.0,0.0005030058199635571
Al_board-wood_board,70.0,0.0004927776994637533
Al_board-wood_board,71.0,0.0004919714089360905
Al_board-wood_board,72.0,0.0005670919967491048
Al_board-wood_board,73.0,0.0005700207982580451
Al_board-wood_board,74.0,0.0005563334080105544
Al_board-wood_board,75.0,0.0005976528887147019
Al_board-wood_board,76.0,0.0006595554892373412
Al_board-wood_board,77.0,0.00062580968132018
Al_board-wood_board,78.0,0.0006007667689539156
Al_board-wood_board,79.0,0.0006033027332330938
Al_board-wood_board,80.0,0.0006466497586969706
Al_board-wood_board,81.0,0.0006463920952460474
Al_board-wood_board,82.0,0.0006446416892189828
Al_board-wood_board,83.0,0.0006256067079349705
Al_board-wood_board,84.0,0.0006144267426026863
Al_board-wood_board,85.0,0.0007165661995684816
Al_board-wood_board,86.0,0.0006802180022161818
Al_board-wood_board,87.0,0.0006786369475801838
Al_board-wood_board,88.0,0.0005895806424613777
Al_board-wood_board,89.0,0.0005971991306767319
Al_board-wood_board,90.0,0.0006816377195101566
Al_board-wood_board,91.0,0.0006994890672266862
Al_board-wood_board,92.0,0.0006847691767802249
Al_board-wood_board,93.0,0.0007179442879412648
Al_board-wood_board,94.0,0.0008079041449724636
Al_board-wood_board,95.0,0.0008638901166649051
Al_board-wood_board,96.0,0.0009120921446258296
Al_board-wood_board,97.0,0.0009170412342817918
Al_board-wood_board,98.0,0.0008488440569149095
Al_board-wood_board,99.0,0.0008585723947520068
Al_board-wood_board,100.0,0.0008676670522860811
Al_board-wood_board,101.0,0.0008012059668033615
Al_board-wood_board,102.0,0.0008087623485224003
Al_board-wood_board,103.0,0.0008260463813834468
Al_board-wood_board,104.0,0.0008523196552812734
Al_board-wood_board,105.0,0.0008879497218704362
Al_board-wood_board,106.0,0.0010294435216796132
Al_board-wood_board,107.0,0.0011089399558436338
Al_board-wood_board,108.0,0.0011361385683184208
Al_board-wood_board,109.0,0.0012171994765350594
Al_board-wood_board,110.0,0.0012018922279529714
Al_board-wood_board,111.0,0.0013296520800483954
Al_board-wood_board,112.0,0.0014332729871189835
Al_board-wood_board,113.0,0.0014682899717090325
Al_board-wood_board,114.0,0.0015236676320127462
Al_board-wood_board,115.0,0.0016371214458416052
Al_board-wood_board,116.0,0.001730201617439506
Al_board-wood_board,117.0,0.001607192352658052
Al_board-wood_board,118.0,0.0017718533922642583
Al_board-wood_board,119.0,0.0018158996704693002
Al_board-wood_board,120.0,0.00175258463008405
Al_board-wood_board,121.0,0.0018253760471757673
Al_board-wood_board,122.0,0.001889033778536266
Al_board-wood_board,123.0,0.0020606508603226016
Al_board-wood_board,124.0,0.0020295939558918085
Al_board-wood_board,125.0,0.0020039451694665654
Al_board-wood_board,126.0,0.0019043254213442597
Al_board-wood_board,127.0,0.0018448658866195731
Al_board-wood_board,128.0,0.0018225845488696703
Al_board-wood_board,129.0,0.001927413742397333
Al_board-wood_board,130.0,0.0019132904360163775
Al_board-wood_board,131.0,0.0017420221145006398
Al_board-wood_board,132.0,0.00165509136962153
Al_board-wood_board,133.0,0.0016306099068933576
Al_board-wood_board,134.0,0.001608261720086258
Al_board-wood_board,135.0,0.0016218923405348555
Al_board-wood_board,136.0,0.0016170612720103038
Al_board-wood_board,137.0,0.0015612642444530404
Al_board-wood_board,138.0,0.0015345177708006644
Al_board-wood_board,139.0,0.0014885986222766207
Al_board-wood_board,140.0,0.0016070113658969605
Al_board-wood_board,141.0,0.0014192926849905887
Al_board-wood_board,142.0,0.001473509258733767
Al_board-wood_board,143.0,0.001351306523882256
Al_board-wood_board,144.0,0.001290722909011622
Al_board-wood_board,145.0,0.0012164449777994086
Al_board-wood_board,146.0,0.0011664730267284952
Al_board-wood_board,147.0,0.0011115513399153195
Al_board-wood_board,148.0,0.001074915537925501
Al_board-wood_board,149.0,0.0010456096162428233
Al_board-wood_board,150.0,0.0009796525034376
Al_board-wood_board,151.0,0.0009515296152893516
Al_board-wood_board,152.0,0.0009503330497846835
Al_board-wood_board,153.0,0.0009155191614586015
Al_board-wood_board,154.0,0.0008675442860700844
Al_board-wood_board,155.0,0.0008194417477073184
Al_board-wood_board,156.0,0.0008843701012825146
Al_board-wood_board,157.0,0.000926675402335755
Al_board-wood_board,158.0,0.0008895207369112921
Al_board-wood_board,159.0,0.000904065026864065
Al_board-wood_board,160.0,0.0008868653158161768
Al_board-wood_board,161.0,0.0008805863915668944
Al_board-wood_board,162.0,0.0007635096003425327
Al_board-wood_board,163.0,0.0008085768242480569
Al_board-wood_board,164.0,0.0008168945310210431
Al_board-wood_board,165.0,0.0008786534796736183
Al_board-wood_board,166.0,0.0008326809479872793
Al_board-wood_board,167.0,0.0007816531056344179
Al_board-wood_board,168.0,0.0008480400614661682
Al_board-wood_board,169.0,0.0007871594303759354
Al_board-wood_board,170.0,0.0008207442792069416
Al_board-wood_board,171.0,0.0007858297223751579
Al_board-wood_board,172.0,0.0007491317982979416
Al_board-wood_board,173.0,0.0007122633393840687
Al_board-wood_board,174.0,0.0007627786710371244
Al_board-wood_board,175.0,0.0007181708713985776
Al_board-wood_board,176.0,0.0006912893195998474
Al_board-wood_board,177.0,0.0006780811871083427
Al_board-wood_board,178.0,0.0006642063000092019
Al_board-wood_board,179.0,0.0007293805812451639
Al_board-wood_board,180.0,0.0007284178469962138
Al_board-wood_board,181.0,0.0006908872637468191
Al_board-wood_board,182.0,0.0007028655766135866
Al_board-wood_board,183.0,0.0007807110480096208
Al_board-wood_board,184.0,0.0008021888335463846
Al_board-wood_board,185.0,0.0008232578115420085
Al_board-wood_board,186.0,0.000933407346208181
Al_board-wood_board,187.0,0.0009960520847120886
Al_board-wood_board,188.0,0.0011414986338848067
Al_board-wood_board,189.0,0.001166709206040468
Al_board-wood_board,190.0,0.0012020361302002868
Al_board-wood_board,191.0,0.0013709804860851647
Al_board-wood_board,192.0,0.00153937639231789
Al_board-wood_board,193.0,0.00170553609991779
Al_board-wood_board,194.0,0.0019240001114620958
Al_board-wood_board,195.0,0.001950031264068217
Al_board-wood_board,196.0,0.001836837221866845
Al_board-wood_board,197.0,0.0019170896946657618
Al_board-wood_board,198.0,0.0020775553164333266
Al_board-wood_board,199.0,0.0021062495131745616
Al_board-wood_board,200.0,0.002190385605784979
Al_board-wood_board,201.0,0.002292657853644732
Al_board-wood_board,202.0,0.0022988715374194593
Al_board-wood_board,203.0,0.0022985724253569797
Al_board-wood_board,204.0,0.002350661893169909
Al_board-wood_board,205.0,0.0023849149971265663
Al_board-wood_board,206.0,0.002323509321286167
Al_board-wood_board,207.0,0.0021990879640743735
Al_board-wood_board,208.0,0.0020483288513292236
Al_board-wood_board,209.0,0.0020592370267006454
Al_board-wood_board,210.0,0.002133749954707641
Al_board-wood_board,211.0,0.002119063627247972
Al_board-wood_board,212.0,0.0021829765798393667
Al_board-wood_board,213.0,0.002148081010332933
Al_board-wood_board,214.0,0.002033620001028489
Al_board-wood_board,215.0,0.0019172572542807207
Al_board-wood_board,216.0,0.0020010234989511
Al_board-wood_board,217.0,0.002000229924318588
Al_board-wood_board,218.0,0.002039292990441135
Al_board-wood_board,219.0,0.002026464836754908
Al_board-wood_board,220.0,0.0020734851754184687
Al_board-wood_board,221.0,0.0020232866330351213
Al_board-wood_board,222.0,0.002171308377623792
Al_board-wood_board,223.0,0.0020795029990226146
Al_board-wood_board,224.0,0.001933732367439764
Al_board-wood_board,225.0,0.0018350297524711576
Al_board-wood_board,226.0,0.0019155494204314354
Al_board-wood_board,227.0,0.0019521960085204936
Al_board-wood_board,228.0,0.0019058496184170977
Al_board-wood_board,229.0,0.0017710208301432823
Al_board-wood_board,230.0,0.001792568811629728
Al_board-wood_board,231.0,0.0017563966835957665
Al_board-wood_board,232.0,0.0017657825784613787
Al_board-wood_board,233.0,0.001796973441094469
Al_board-wood_board,234.0,0.0018448556923070386
Al_board-wood_board,235.0,0.0018120978934856652
Al_board-wood_board,236.0,0.0019139980726832328
Al_board-wood_board,237.0,0.0020684644118801965
Al_board-wood_board,238.0,0.002024558290750706
Al_board-wood_board,239.0,0.002016247772517358
Al_board-wood_board,240.0,0.002054596292929097
Al_board-wood_board,241.0,0.002101325464868427
Al_board-wood_board,242.0,0.0022528095957485067
Al_board-wood_board,243.0,0.0022885696500747287
Al_board-wood_board,244.0,0.002342314595299634
Al_board-wood_board,245.0,0.0023864592868249063
Al_board-wood_board,246.0,0.0021993550578066497
Al_board-wood_board,247.0,0.002273337488627269
Al_board-wood_board,248.0,0.0022815801682629466
Al_board-wood_board,249.0,0.002108623824686894
Al_board-wood_board,250.0,0.0020477853952557247
Al_board-wood_board,251.0,0.002087947573254456
Al_board-wood_board,252.0,0.0020341876528473263
Al_board-wood_board,253.0,0.0019602480586794983
Al_board-wood_board,254.0,0.0018835733864545107
Al_board-wood_board,255.0,0.0018658350133655837
Al_board-wood_board,256.0,0.001769484050998065
Al_board-wood_board,257.0,0.0017789858824358638
Al_board-wood_board,258.0,0.0017118401580206706
Al_board-wood_board,259.0,0.0016302197709623463
Al_board-wood_board,260.0,0.0015932590735050181
Al_board-wood_board,261.0,0.0016097095009394915
Al_board-wood_board,262.0,0.0016660340742654192
Al_board-wood_board,263.0,0.001686430731364028
Al_board-wood_board,264.0,0.0016987361238740663
Al_board-wood_board,265.0,0.0017327515945057483
Al_board-wood_board,266.0,0.0016873294355129684
Al_board-wood_board,267.0,0.0017818268719258018
Al_board-wood_board,268.0,0.001832787874529347
Al_board-wood_board,269.0,0.0019334127809337344
Al_board-wood_board,270.0,0.0018799419839578943
Al_board-wood_board,271.0,0.0019063352666488082
Al_board-wood_board,272.0,0.001791007459637695
Al_board-wood_board,273.0,0.0017934001202129163
Al_board-wood_board,274.0,0.0018033240857755794
Al_board-wood_board,275.0,0.001822095356856795
Al_board-wood_board,276.0,0.0017540353219991675
Al_board-wood_board,277.0,0.001868900866373648
Al_board-wood_board,278.0,0.0018245182350201707
Al_board-wood_board,279.0,0.0017702999641929188
Al_board-wood_board,280.0,0.0017170448239507928
Al_board-wood_board,281.0,0.0017482092956014118
Al_board-wood_board,282.0,0.0016687348537840214
Al_board-wood_board,283.0,0.0017194685155412183
Al_board-wood_board,284.0,0.0017766415275127293
Al_board-wood_board,285.0,0.001863281718844033
Al_board-wood_board,286.0,0.0018139187598799817
Al_board-wood_board,287.0,0.0018648678271816572
Al_board-wood_board,288.0,0.001840602861657601
Al_board-wood_board,289.0,0.0018236512585814001
Al_board-wood_board,290.0,0.0017949253165136054
Al_board-wood_board,291.0,0.001796621222836201
Al_board-wood_board,292.0,0.001841678618906657
Al_board-wood_board,293.0,0.0018581770764283419
Al_board-wood_board,294.0,0.001872123567418298
Al_board-wood_board,295.0,0.0019398328168504899
Al_board-wood_board,296.0,0.0018975983792277103
Al_board-wood_board,297.0,0.0018273928128075686
Al_board-wood_board,298.0,0.0017759523894524652
Al_board-wood_board,299.0,0.00175490696944933
Al_board-wood_board,300.0,0.0016925242495721975
Al_board-wood_board,301.0,0.0017149545976304062
Al_board-wood_board,302.0,0.001793459810230244
Al_board-wood_board,303.0,0.001747037533235376
Al_board-wood_board,304.0,0.00178293197561163
Al_board-wood_board,305.0,0.0018417275442526768
Al_board-wood_board,306.0,0.0020128064603369814
Al_board-wood_board,307.0,0.001952482193290936
Al_board-wood_board,308.0,0.0019676357800312845
Al_board-wood_board,309.0,0.0019083873074176628
Al_board-wood_board,310.0,0.0018914137936118954
Al_board-wood_board,311.0,0.0019500054372198303
Al_board-wood_board,312.0,0.0018430227559601906
Al_board-wood_board,313.0,0.0018703586946876992
Al_board-wood_board,314.0,0.0019337036777115396
Al_board-wood_board,315.0,0.001902391866213905
Al_board-wood_board,316.0,0.0019049660192326447
Al_board-wood_board,317.0,0.0019629073314522843
Al_board-wood_board,318.0,0.0018614740971480803
Al_board-wood_board,319.0,0.0018353896120600621
Al_board-wood_board,320.0,0.0019426779383630633
Al_board-wood_board,321.0,0.00195949255651596
Al_board-wood_board,322.0,0.0019115244496437072
Al_board-wood_board,323.0,0.0019871154937668293
Al_board-wood_board,324.0,0.0019172417858664328
Al_board-wood_board,325.0,0.001966662682671801
Al_board-wood_board,326.0,0.0019529212146300128
Al_board-wood_board,327.0,0.0020478466182815907
Al_board-wood_board,328.0,0.0021361193353274855
Al_board-wood_board,329.0,0.0021585226002202905
Al_board-wood_board,330.0,0.0021727304512711982
Al_board-wood_board,331.0,0.002114459461775159
Al_board-wood_board,332.0,0.002191332694629003
Al_board-wood_board,333.0,0.002122746003654885
Al_board-wood_board,334.0,0.0022243437092575617
Al_board-wood_board,335.0,0.0021645645876621307
Al_board-wood_board,336.0,0.0022855999649470044
Al_board-wood_board,337.0,0.00233731914018363
Al_board-wood_board,338.0,0.0024586256226131766
Al_board-wood_board,339.0,0.002432132186241372
Al_board-wood_board,340.0,0.0024148248429227046
Al_board-wood_board,341.0,0.002562713228171683
Al_board-wood_board,342.0,0.002631147283957717
Al_board-wood_board,343.0,0.0025488736832877594
Al_board-wood_board,344.0,0.0023918192301134243
Al_board-wood_board,345.0,0.0022684430391253303
Al_board-wood_board,346.0,0.002257990844528393
Al_board-wood_board,347.0,0.00223693601033603
Al_board-wood_board,348.0,0.0021589885770086172
Al_board-wood_board,349.0,0.002061928950862026
Al_board-wood_board,350.0,0.0020785123346916024
Al_board-wood_board,351.0,0.0021060686194884297
Al_board-wood_board,352.0,0.0019426523843445772
Al_board-wood_board,353.0,0.0018726926106061546
Al_board-wood_board,354.0,0.001783550141227622
Al_board-wood_board,355.0,0.001744711964783109
Al_board-wood_board,356.0,0.0016766065092751286
Al_board-wood_board,357.0,0.0016896545479164668
Al_board-wood_board,358.0,0.0016289730847898756
Al_board-wood_board,359.0,0.001603673397362179
Al_board-wood_board,360.0,0.0015032466017263308
Al_board-wood_board,361.0,0.001518754216873024
Al_board-wood_board,362.0,0.0016089474433046303
Al_board-wood_board,363.0,0.001541656444470843
Al_board-wood_board,364.0,0.001516984279132514
Al_board-wood_board,365.0,0.001530641595393693
Al_board-wood_board,366.0,0.001506512398067048
Al_board-wood_board,367.0,0.001516835727789994
Al_board-wood_board,368.0,0.0015975346672960312
Al_board-wood_board,369.0,0.0015855705745121717
Al_board-wood_board,370.0,0.0016056736970284703
Al_board-wood_board,371.0,0.0014946021482210206
Al_board-wood_board,372.0,0.0014523356884638165
Al_board-wood_board,373.0,0.0013917873331002546
Al_board-wood_board,374.0,0.0013517666003654844
Al_board-wood_board,375.0,0.0013669154722775875
Al_board-wood_board,376.0,0.0013304544489338994
Al_board-wood_board,377.0,0.001263682499892752
Al_board-wood_board,378.0,0.0012671859918976273
Al_board-wood_board,379.0,0.0011777106621520545
Al_board-wood_board,380.0,0.0011127642461770512
Al_board-wood_board,381.0,0.0010312736756965264
Al_board-wood_board,382.0,0.0009753607129982157
Al_board-wood_board,383.0,0.0008917184247795404
Al_board-wood_board,384.0,0.0008724497628257245
Al_board-wood_board,385.0,0.0009020613194174861
Al_board-wood_board,386.0,0.0009433908514291247
Al_board-wood_board,387.0,0.0008974033345695868
Al_board-wood_board,388.0,0.0009397262632640571
Al_board-wood_board,389.0,0.0008811343530560853
Al_board-wood_board,390.0,0.0008762509729901099
Al_board-wood_board,391.0,0.0008815386970938279
Al_board-wood_board,392.0,0.0008515419695309769
Al_board-wood_board,393.0,0.0008238243066191373
Al_board-wood_board,394.0,0.0008078319752951838
Al_board-wood_board,395.0,0.0007726150681166439
Al_board-wood_board,396.0,0.0008149203528448767
Al_board-wood_board,397.0,0.0008324935662411793
Al_board-wood_board,398.0,0.0008533133684116589
Al_board-wood_board,399.0,0.000796737844062467
Al_board-wood_board,400.0,0.0007306263911501872
Al_board-wood_board,401.0,0.0008033135207889245
Al_board-wood_board,402.0,0.0007465146809802488
Al_board-wood_board,403.0,0.0007752509789710597
Al_board-wood_board,404.0,0.0007814198874198097
Al_board-wood_board,405.0,0.0007234738407463324
Al_board-wood_board,406.0,0.0006907952720410593
Al_board-wood_board,407.0,0.0006640959798229194
Al_board-wood_board,408.0,0.0007126212614480231
Al_board-wood_board,409.0,0.0007569545461925541
Al_board-wood_board,410.0,0.0007635217246743816
Al_board-wood_board,411.0,0.0007474334806305161
Al_board-wood_board,412.0,0.0008123075158071324
Al_board-wood_board,413.0,0.000805574589571645
Al_board-wood_board,414.0,0.0008130178508527414
Al_board-wood_board,415.0,0.0008687542042459994
Al_board-wood_board,416.0,0.0008252471088661864
Al_board-wood_board,417.0,0.0008942204534086415
Al_board-wood_board,418.0,0.000937056901932872
Al_board-wood_board,419.0,0.0009421244809497368
Al_board-wood_board,420.0,0.001017003054873429
Al_board-wood_board,421.0,0.001115349176690481
Al_board-wood_board,422.0,0.001142987765674126
Al_board-wood_board,423.0,0.0011598500617908212
Al_board-wood_board,424.0,0.001227215805013994
Al_board-wood_board,425.0,0.0012525503678177535
Al_board-wood_board,426.0,0.0012898571367344455
Al_board-wood_board,427.0,0.0013488700222949069
Al_board-wood_board,428.0,0.001379084628031938
Al_board-wood_board,429.0,0.0013497195119709171
Al_board-wood_board,430.0,0.0014942738354435845
Al_board-wood_board,431.0,0.0014610489764954712
Al_board-wood_board,432.0,0.0013866387074510475
Al_board-wood_board,433.0,0.0015424373850601112
Al_board-wood_board,434.0,0.001601144956717666
Al_board-wood_board,435.0,0.001556596841324638
Al_board-wood_board,436.0,0.0015807013744526266
Al_board-wood_board,437.0,0.0014690704329558882
Al_board-wood_board,438.0,0.0014993117254769703
Al_board-wood_board,439.0,0.0016582085841047392
Al_board-wood_board,440.0,0.001570216406354538
Al_board-wood_board,441.0,0.00152705663065697
Al_board-wood_board,442.0,0.001537772412121175
Al_board-wood_board,443.0,0.0014983088155937144
Al_board-wood_board,444.0,0.0014789273626078995
Al_board-wood_board,445.0,0.0015396516818604732
Al_board-wood_board,446.0,0.0014560443286050935
Al_board-wood_board,447.0,0.0014909006008436544
Al_board-wood_board,448.0,0.0015816653504433888
Al_board-wood_board,449.0,0.0015513030093811185
Al_board-wood_board,450.0,0.0015955950611754519
Al_board-wood_board,451.0,0.0016500526188464866
Al_board-wood_board,452.0,0.0016685229776253268
Al_board-wood_board,453.0,0.0017089837291749822
Al_board-wood_board,454.0,0.0015347728356817404
Al_board-wood_board,455.0,0.0014172540484168352
Al_board-wood_board,456.0,0.0014732456963461817
Al_board-wood_board,457.0,0.0015562985451658738
Al_board-wood_board,458.0,0.0014388723029294512
Al_board-wood_board,459.0,0.0014290509668160752
Al_board-wood_board,460.0,0.001561892160325543
Al_board-wood_board,461.0,0.001608984996189603
Al_board-wood_board,462.0,0.0015584490789892524
Al_board-wood_board,463.0,0.00158022678717827
Al_board-wood_board,464.0,0.0016623424284323886
Al_board-wood_board,465.0,0.0017867324114010392
Al_board-wood_board,466.0,0.0018450403817343408
Al_board-wood_board,467.0,0.0016689619848028051
Al_board-wood_board,468.0,0.0017497732812199703
Al_board-wood_board,469.0,0.0016978667108450568
Al_board-wood_board,470.0,0.0016770059956035931
Al_board-wood_board,471.0,0.001576681965641359
Al_board-wood_board,472.0,0.0016335707607569828
Al_board-wood_board,473.0,0.0017134295318250326
Al_board-wood_board,474.0,0.0017407578945960677
Al_board-wood_board,475.0,0.001853236500738567
Al_board-wood_board,476.0,0.0017866240421504018
Al_board-wood_board,477.0,0.0017465092169942503
Al_board-wood_board,478.0,0.001743624452774814
Al_board-wood_board,479.0,0.0018473451456474882
Al_board-wood_board,480.0,0.0018054390768859245
Al_board-wood_board,481.0,0.0018090388045273725
Al_board-wood_board,482.0,0.0018315014609064438
Al_board-wood_board,483.0,0.001824446973890632
Al_board-wood_board,484.0,0.001952626436725742
Al_board-wood_board,485.0,0.0018922166154875574
Al_board-wood_board,486.0,0.001981535793733026
Al_board-wood_board,487.0,0.002076382263890672
Al_board-wood_board,488.0,0.0020189705174371445
Al_board-wood_board,489.0,0.002056286812553177
Al_board-wood_board,490.0,0.00197649853903359
Al_board-wood_board,491.0,0.001971993210923022
Al_board-wood_board,492.0,0.0019140458447714462
Al_board-wood_board,493.0,0.0018304482729876435
Al_board-wood_board,494.0,0.0017978684869958508
Al_board-wood_board,495.0,0.0018035797312327291
Al_board-wood_board,496.0,0.0016915647405585151
Al_board-wood_board,497.0,0.0016353687682791075
Al_board-wood_board,498.0,0.0015711663263060752
Al_board-wood_board,499.0,0.0015887746223752991
Al_board-wood_board,500.0,0.0015887746223752811
Al_board-washi,0.0,0.0
Al_board-washi,1.0,0.0
Al_board-washi,2.0,0.0
Al_board-washi,3.0,0.00045296167244230235
Al_board-washi,4.0,0.0014095045702790146
Al_board-washi,5.0,0.001966839246243348
Al_board-washi,6.0,0.002779974604110586
Al_board-washi,7.0,0.0038183755882828605
Al_board-washi,8.0,0.005283025753364448
Al_board-washi,9.0,0.006594269637221094
Al_board-washi,10.0,0.007149202774748267
Al_board-washi,11.0,0.007743771988432037
Al_board-washi,12.0,0.008363451790028315
Al_board-washi,13.0,0.008643230426256962
Al_board-washi,14.0,0.009112655863587601
Al_board-washi,15.0,0.009439219513040185
Al_board-washi,16.0,0.009945827283865602
Al_board-washi,17.0,0.010395999548865787
Al_board-washi,18.0,0.01097933799657547
Al_board-washi,19.0,0.010840426093669165
Al_board-washi,20.0,0.011218456160312425
Al_board-washi,21.0,0.011668488688621957
Al_board-washi,22.0,0.01227787797934071
Al_board-washi,23.0,0.012406592135761764
Al_board-washi,24.0,0.012348270292647442
Al_board-washi,25.0,0.012201233077472513
Al_board-washi,26.0,0.012714621741291452
Al_board-washi,27.0,0.013071751630955421
Al_board-washi,28.0,0.013360069480511333
Al_board-washi,29.0,0.013542626189478987
Al_board-washi,30.0,0.013637558490306899
Al_board-washi,31.0,0.01417303644877293
Al_board-washi,32.0,0.014852855630605004
Al_board-washi,33.0,0.01532355024956355
Al_board-washi,34.0,0.01610044008302543
Al_board-washi,35.0,0.016569759217539164
Al_board-washi,36.0,0.01689092439945074
Al_board-washi,37.0,0.017667549118628383
Al_board-washi,38.0,0.0182376801087677
Al_board-washi,39.0,0.018721032797778273
Al_board-washi,40.0,0.019448971809929362
Al_board-washi,41.0,0.01922544300609249
Al_board-washi,42.0,0.019759756491087525
Al_board-washi,43.0,0.019827201448145943
Al_board-washi,44.0,0.02019611300120635
Al_board-washi,45.0,0.02037196054880661
Al_board-washi,46.0,0.020690566231058957
Al_board-washi,47.0,0.020833014847771045
Al_board-washi,48.0,0.021207816268070945
Al_board-washi,49.0,0.021640511469427567
Al_board-washi,50.0,0.02223246661827997
Al_board-washi,51.0,0.022724641305031535
Al_board-washi,52.0,0.023411176510596567
Al_board-washi,53.0,0.02414971101618684
Al_board-washi,54.0,0.02499672537128969
Al_board-washi,55.0,0.025282364089710335
Al_board-washi,56.0,0.025679339702385374
Al_board-washi,57.0,0.025761413396050398
Al_board-washi,58.0,0.02624250875742306
Al_board-washi,59.0,0.025969431667625734
Al_board-washi,60.0,0.02610773351151643
Al_board-washi,61.0,0.02628962322088705
Al_board-washi,62.0,0.02650192613137925
Al_board-washi,63.0,0.026774123294852237
Al_board-washi,64.0,0.027245705194826515
Al_board-washi,65.0,0.02755427146856229
Al_board-washi,66.0,0.02826457477551596
Al_board-washi,67.0,0.02901409641722207
Al_board-washi,68.0,0.029474036691914007
Al_board-washi,69.0,0.030234738676722616
Al_board-washi,70.0,0.03040478288621574
Al_board-washi,71.0,0.030961115497373865
Al_board-washi,72.0,0.031437939004904346
Al_board-washi,73.0,0.0315827598827657
Al_board-washi,74.0,0.031401209176804154
Al_board-washi,75.0,0.03125909348825497
Al_board-washi,76.0,0.031152795336087627
Al_board-washi,77.0,0.030755354289062446
Al_board-washi,78.0,0.03047731837123154
Al_board-washi,79.0,0.030207104427561436
Al_board-washi,80.0,0.030510770036247824
Al_board-washi,81.0,0.030884687374210126
Al_board-washi,82.0,0.03136347008327599
Al_board-washi,83.0,0.03071394698412842
Al_board-washi,84.0,0.030093235451281133
Al_board-washi,85.0,0.02996615821209746
Al_board-washi,86.0,0.02970066996430334
Al_board-washi,87.0,0.029857386860074497
Al_board-washi,88.0,0.029754627241344672
Al_board-washi,89.0,0.02933423214602292
Al_board-washi,90.0,0.029126581401899637
Al_board-washi,91.0,0.028812631168889685
Al_board-washi,92.0,0.028701202900813943
Al_board-washi,93.0,0.028657798050772065
Al_board-washi,94.0,0.0286768588204544
Al_board-washi,95.0,0.029090341976571045
Al_board-washi,96.0,0.029272641157498915
Al_board-washi,97.0,0.02936941198799002
Al_board-washi,98.0,0.0294735975854029
Al_board-washi,99.0,0.029967511297162373
Al_board-washi,100.0,0.030721618437102683
Al_board-washi,101.0,0.03066785728439269
Al_board-washi,102.0,0.030581043841062173
Al_board-washi,103.0,0.031185266892403283
Al_board-washi,104.0,0.03135394488123282
Al_board-washi,105.0,0.032329279094163305
Al_board-washi,106.0,0.03252792118018205
Al_board-washi,107.0,0.032874482904246244
Al_board-washi,108.0,0.03262641234451915
Al_board-washi,109.0,0.032973658621213806
Al_board-washi,110.0,0.032793798986610286
Al_board-washi,111.0,0.03340506575270621
Al_board-washi,112.0,0.03334614976397555
Al_board-washi,113.0,0.03310289928440279
Al_board-washi,114.0,0.03319085201057084
Al_board-washi,115.0,0.0330284925806057
Al_board-washi,116.0,0.032755341488907797
Al_board-washi,117.0,0.03228393125325304
Al_board-washi,118.0,0.032399339687663696
Al_board-washi,119.0,0.03203995853044224
Al_board-washi,120.0,0.03210266136870702
Al_board-washi,121.0,0.031774555635761016
Al_board-washi,122.0,0.0315734479074212
Al_board-washi,123.0,0.031494208330168146
Al_board-washi,124.0,0.030904632612825278
Al_board-washi,125.0,0.030287913550242
Al_board-washi,126.0,0.029473649608609424
Al_board-washi,127.0,0.029060303197114723
Al_board-washi,128.0,0.028185348919349467
Al_board-washi,129.0,0.027906803600846145
Al_board-washi,130.0,0.027295424273635665
Al_board-washi,131.0,0.026426255421499564
Al_board-washi,132.0,0.025589448283623643
Al_board-washi,133.0,0.024896570084003634
Al_board-washi,134.0,0.023946111632484612
Al_board-washi,135.0,0.023240821117102163
Al_board-washi,136.0,0.02276615680607089
Al_board-washi,137.0,0.02205713207800467
Al_board-washi,138.0,0.02183106691648709
Al_board-washi,139.0,0.021746917276884336
Al_board-washi,140.0,0.02192773190434488
Al_board-washi,141.0,0.021449745516307878
Al_board-washi,142.0,0.02166729100662727
Al_board-washi,143.0,0.021954433496850077
Al_board-washi,144.0,0.0221944161058168
Al_board-washi,145.0,0.02232199187139749
Al_board-washi,146.0,0.022653676263160605
Al_board-washi,147.0,0.023053348024334962
Al_board-washi,148.0,0.023115193482574778
Al_board-washi,149.0,0.02333247279606429
Al_board-washi,150.0,0.02321280059350559
Al_board-washi,151.0,0.023506446259098115
Al_board-washi,152.0,0.023669488935691766
Al_board-washi,153.0,0.02349430058005227
Al_board-washi,154.0,0.023500542065818024
Al_board-washi,155.0,0.02331658615172881
Al_board-washi,156.0,0.023236970275817954
Al_board-washi,157.0,0.02297626078123714
Al_board-washi,158.0,0.022994428817116296
Al_board-washi,159.0,0.023163230305558558
Al_board-washi,160.0,0.02340743374849085
Al_board-washi,161.0,0.02323752987922108
Al_board-washi,162.0,0.023302954316531063
Al_board-washi,163.0,0.023587928601990247
Al_board-washi,164.0,0.023292099329742695
Al_board-washi,165.0,0.023416751107475455
Al_board-washi,166.0,0.02312230455286386
Al_board-washi,167.0,0.023173496501071134
Al_board-washi,168.0,0.023229219896284212
Al_board-washi,169.0,0.02305365086919838
Al_board-washi,170.0,0.023166390623289956
Al_board-washi,171.0,0.023120301284021007
Al_board-washi,172.0,0.023152308883876503
Al_board-washi,173.0,0.023511304712181404
Al_board-washi,174.0,0.023825693021249567
Al_board-washi,175.0,0.02462541769059261
Al_board-washi,176.0,0.02506296354350302
Al_board-washi,177.0,0.025341972915541872
Al_board-washi,178.0,0.026539567159664677
Al_board-washi,179.0,0.02748966512671953
Al_board-washi,180.0,0.028679663564498727
Al_board-washi,181.0,0.02899391229210441
Al_board-washi,182.0,0.029079479587639068
Al_board-washi,183.0,0.02995098294786403
Al_board-washi,184.0,0.029791703681329357
Al_board-washi,185.0,0.029971351271815088
Al_board-washi,186.0,0.03045790987079401
Al_board-washi,187.0,0.03096531058947129
Al_board-washi,188.0,0.030930997404670004
Al_board-washi,189.0,0.03046038685427748
Al_board-washi,190.0,0.030339216602963067
Al_board-washi,191.0,0.029921903320130665
Al_board-washi,192.0,0.02971246791498206
Al_board-washi,193.0,0.02976608237991781
Al_board-washi,194.0,0.030032173999818213
Al_board-washi,195.0,0.029677610992806545
Al_board-washi,196.0,0.029126771197293847
Al_board-washi,197.0,0.028852480739396252
Al_board-washi,198.0,0.02914230721008564
Al_board-washi,199.0,0.02922724844471801
Al_board-washi,200.0,0.0294011643773989
Al_board-washi,201.0,0.029363599602551173
Al_board-washi,202.0,0.029390554224977498
Al_board-washi,203.0,0.029038658072808424
Al_board-washi,204.0,0.028722346147991545
Al_board-washi,205.0,0.028771684547502223
Al_board-washi,206.0,0.028758338873566467
Al_board-washi,207.0,0.028878074749834774
Al_board-washi,208.0,0.02845482651010115
Al_board-washi,209.0,0.028035230894109846
Al_board-washi,210.0,0.027705079583707517
Al_board-washi,211.0,0.027413226683918827
Al_board-washi,212.0,0.027362324489752895
Al_board-washi,213.0,0.027559442873234554
Al_board-washi,214.0,0.027058603757124735
Al_board-washi,215.0,0.02675841488225721
Al_board-washi,216.0,0.026759918975658888
Al_board-washi,217.0,0.026788869133075696
Al_board-washi,218.0,0.02711783311240979
Al_board-washi,219.0,0.02729517546141162
Al_board-washi,220.0,0.02741152110930873
Al_board-washi,221.0,0.027409161579588462
Al_board-washi,222.0,0.02799178749698487
Al_board-washi,223.0,0.027527097872595673
Al_board-washi,224.0,0.02741633274055753
Al_board-washi,225.0,0.02741355006750411
Al_board-washi,226.0,0.02754582968490924
Al_board-washi,227.0,0.02748205528195179
Al_board-washi,228.0,0.02752000792929085
Al_board-washi,229.0,0.027368822446257504
Al_board-washi,230.0,0.027034244972258297
Al_board-washi,231.0,0.026978575728356536
Al_board-washi,232.0,0.026947465795035513
Al_board-washi,233.0,0.027296769322072766
Al_board-washi,234.0,0.027982676833732567
Al_board-washi,235.0,0.028120278388362955
Al_board-washi,236.0,0.02819519304219427
Al_board-washi,237.0,0.02834397456364208
Al_board-washi,238.0,0.028344558380224417
Al_board-washi,239.0,0.028505666440879932
Al_board-washi,240.0,0.028434309412995
Al_board-washi,241.0,0.028374019719872627
Al_board-washi,242.0,0.028499225271940536
Al_board-washi,243.0,0.0288271211279
Al_board-washi,244.0,0.028921475078836044
Al_board-washi,245.0,0.02851038230847909
Al_board-washi,246.0,0.02826978436812237
Al_board-washi,247.0,0.028941311308771495
Al_board-washi,248.0,0.02893121730133219
Al_board-washi,249.0,0.02884168015874714
Al_board-washi,250.0,0.028642096911532702
Al_board-washi,251.0,0.02863485236482123
Al_board-washi,252.0,0.028371032138452792
Al_board-washi,253.0,0.02779733297242357
Al_board-washi,254.0,0.0275541024487492
Al_board-washi,255.0,0.02721733740590072
Al_board-washi,256.0,0.02701801917602845
Al_board-washi,257.0,0.026761480744256515
Al_board-washi,258.0,0.026324385786965734
Al_board-washi,259.0,0.025661261859206384
Al_board-washi,260.0,0.025296378307901254
Al_board-washi,261.0,0.024893938797841624
Al_board-washi,262.0,0.024642314167300852
Al_board-washi,263.0,0.024408094127823868
Al_board-washi,264.0,0.02402248715576254
Al_board-washi,265.0,0.02373706611877385
Al_board-washi,266.0,0.02370641656658862
Al_board-washi,267.0,0.023761190709192283
Al_board-washi,268.0,0.02371425403083618
Al_board-washi,269.0,0.02363579538870991
Al_board-washi,270.0,0.023526249111347187
Al_board-washi,271.0,0.023692130325029568
Al_board-washi,272.0,0.023808429003552813
Al_board-washi,273.0,0.023836754329913654
Al_board-washi,274.0,0.02361870784568913
Al_board-washi,275.0,0.02344025558132382
Al_board-washi,276.0,0.023359433587649026
Al_board-washi,277.0,0.023711615969333886
Al_board-washi,278.0,0.023709039901174987
Al_board-washi,279.0,0.023704646404951457
Al_board-washi,280.0,0.023632523202469308
Al_board-washi,281.0,0.02341766943627268
Al_board-washi,282.0,0.023674098814896793
Al_board-washi,283.0,0.02382472183592927
Al_board-washi,284.0,0.024253106893067353
Al_board-washi,285.0,0.024451271428694042
Al_board-washi,286.0,0.02474432065018876
Al_board-washi,287.0,0.025178737390797665
Al_board-washi,288.0,0.025854656805698796
Al_board-washi,289.0,0.026189469086217665
Al_board-washi,290.0,0.026019025870571668
Al_board-washi,291.0,0.026101172807995503
Al_board-washi,292.0,0.026626172541197632
Al_board-washi,293.0,0.02661428345338034
Al_board-washi,294.0,0.026800895705500524
Al_board-washi,295.0,0.02757678704318159
Al_board-washi,296.0,0.027837532543982472
Al_board-washi,297.0,0.027560950121606132
Al_board-washi,298.0,0.027654574989326587
Al_board-washi,299.0,0.028067669059721467
Al_board-washi,300.0,0.02803095179270707
Al_board-washi,301.0,0.02831319052384558
Al_board-washi,302.0,0.02861539827938221
Al_board-washi,303.0,0.028126021658236522
Al_board-washi,304.0,0.027838697543321935
Al_board-washi,305.0,0.027815656355244866
Al_board-washi,306.0,0.02806343842024889
Al_board-washi,307.0,0.027401005840918684
Al_board-washi,308.0,0.02734601608114066
Al_board-washi,309.0,0.02737506771873125
Al_board-washi,310.0,0.02726955287223755
Al_board-washi,311.0,0.027137743933625575
Al_board-washi,312.0,0.026507705659574096
Al_board-washi,313.0,0.02660064329889753
Al_board-washi,314.0,0.026261658022958635
Al_board-washi,315.0,0.025674455801985366
Al_board-washi,316.0,0.025747530827947975
Al_board-washi,317.0,0.02557311444913879
Al_board-washi,318.0,0.025407730479006484
Al_board-washi,319.0,0.02545145746046137
Al_board-washi,320.0,0.02560668845826391
Al_board-washi,321.0,0.025669050622207455
Al_board-washi,322.0,0.025479137903479627
Al_board-washi,323.0,0.02589399601188188
Al_board-washi,324.0,0.02591113935995434
Al_board-washi,325.0,0.02663698460389669
Al_board-washi,326.0,0.0272007987944516
Al_board-washi,327.0,0.027584410446199345
Al_board-washi,328.0,0.027741994841812306
Al_board-washi,329.0,0.027873371121718046
Al_board-washi,330.0,0.028369767277306893
Al_board-washi,331.0,0.02891460333703524
Al_board-washi,332.0,0.02937903248140513
Al_board-washi,333.0,0.029628444617307945
Al_board-washi,334.0,0.0298349545723804
Al_board-washi,335.0,0.02996894858736676
Al_board-washi,336.0,0.029865698268249273
Al_board-washi,337.0,0.030300244200772073
Al_board-washi,338.0,0.030498923163189695
Al_board-washi,339.0,0.030202935921881644
Al_board-washi,340.0,0.029975644989248335
Al_board-washi,341.0,0.030033529834204035
Al_board-washi,342.0,0.030052721425053726
Al_board-washi,343.0,0.030082002889417214
Al_board-washi,344.0,0.029596347278504614
Al_board-washi,345.0,0.029279350238333713
Al_board-washi,346.0,0.02904172460070578
Al_board-washi,347.0,0.029065935029924512
Al_board-washi,348.0,0.028806414993602612
Al_board-washi,349.0,0.028664889748710072
Al_board-washi,350.0,0.028315654590608016
Al_board-washi,351.0,0.027782647928050193
Al_board-washi,352.0,0.027198378587531158
Al_board-washi,353.0,0.027012631633350003
Al_board-washi,354.0,0.026652320817368118
Al_board-washi,355.0,0.02659392555097574
Al_board-washi,356.0,0.02605287054267537
Al_board-washi,357.0,0.025895325651030223
Al_board-washi,358.0,0.02580827881422013
Al_board-washi,359.0,0.02577039586746665
Al_board-washi,360.0,0.02568305101040377
Al_board-washi,361.0,0.026002564442497003
Al_board-washi,362.0,0.0257552944770922
Al_board-washi,363.0,0.02575621951088421
Al_board-washi,364.0,0.025490187278906278
Al_board-washi,365.0,0.02572732138454537
Al_board-washi,366.0,0.026094563734752763
Al_board-washi,367.0,0.026279163864586768
Al_board-washi,368.0,0.025935886580681657
Al_board-washi,369.0,0.02579516303159737
Al_board-washi,370.0,0.025951464736482507
Al_board-washi,371.0,0.025390038310714486
Al_board-washi,372.0,0.025681451896130886
Al_board-washi,373.0,0.025727952949139123
Al_board-washi,374.0,0.025238842750838143
Al_board-washi,375.0,0.025114614674192747
Al_board-washi,376.0,0.025040234888927374
Al_board-washi,377.0,0.02488547180816053
Al_board-washi,378.0,0.0245719228029397
Al_board-washi,379.0,0.024337512737841235
Al_board-washi,380.0,0.023831892409564164
Al_board-washi,381.0,0.023599231042219792
Al_board-washi,382.0,0.02346207538061799
Al_board-washi,383.0,0.02320219454583201
Al_board-washi,384.0,0.022863332469738474
Al_board-washi,385.0,0.022924395091142507
Al_board-washi,386.0,0.02249874803736325
Al_board-washi,387.0,0.02188127240505166
Al_board-washi,388.0,0.022192412481551533
Al_board-washi,389.0,0.021916189064581936
Al_board-washi,390.0,0.0222447605604531
Al_board-washi,391.0,0.022094157433488408
Al_board-washi,392.0,0.021832881262535877
Al_board-washi,393.0,0.021731002927960548
Al_board-washi,394.0,0.021362147553857715
Al_board-washi,395.0,0.02089722334265133
Al_board-washi,396.0,0.020968198812238898
Al_board-washi,397.0,0.021003402423876463
Al_board-washi,398.0,0.02096070890143015
Al_board-washi,399.0,0.020782916732379787
Al_board-washi,400.0,0.0204205839495553
Al_board-washi,401.0,0.020649111465971405
Al_board-washi,402.0,0.020500148493339854
Al_board-washi,403.0,0.020665564331518338
Al_board-washi,404.0,0.020834375184480006
Al_board-washi,405.0,0.020646587764581288
Al_board-washi,406.0,0.020950448969770635
Al_board-washi,407.0,0.020510008508228896
Al_board-washi,408.0,0.020859704927887947
Al_board-washi,409.0,0.020744756193059214
Al_board-washi,410.0,0.020651367430064044
Al_board-washi,411.0,0.021198785471358755
Al_board-washi,412.0,0.02145588147030843
Al_board-washi,413.0,0.02161517129715882
Al_board-washi,414.0,0.021568945939404015
Al_board-washi,415.0,0.02194600700460265
Al_board-washi,416.0,0.02164079067325165
Al_board-washi,417.0,0.021686584451059192
Al_board-washi,418.0,0.022414957897873122
Al_board-washi,419.0,0.0227560067894414
Al_board-washi,420.0,0.022890999437132544
Al_board-washi,421.0,0.023353450933947195
Al_board-washi,422.0,0.023828258448527633
Al_board-washi,423.0,0.023826940109416713
Al_board-washi,424.0,0.024401928561237466
Al_board-washi,425.0,0.02491280589056954
Al_board-washi,426.0,0.025063030384709542
Al_board-washi,427.0,0.025274254394929037
Al_board-washi,428.0,0.025552526324282107
Al_board-washi,429.0,0.025459244795640157
Al_board-washi,430.0,0.02592341840990708
Al_board-washi,431.0,0.026271141300752417
Al_board-washi,432.0,0.026337309158703918
Al_board-washi,433.0,0.026705169312137875
Al_board-washi,434.0,0.026585553123982683
Al_board-washi,435.0,0.02638883160855396
Al_board-washi,436.0,0.026451892584947997
Al_board-washi,437.0,0.026423464140111808
Al_board-washi,438.0,0.026466762445960947
Al_board-washi,439.0,0.0266892113576335
Al_board-washi,440.0,0.026448220142073705
Al_board-washi,441.0,0.02653624836687199
Al_board-washi,442.0,0.026484848340347335
Al_board-washi,443.0,0.026478335576175134
Al_board-washi,444.0,0.027102931184669655
Al_board-washi,445.0,0.0271371295655966
Al_board-washi,446.0,0.02678877043666621
Al_board-washi,447.0,0.027410090790178594
Al_board-washi,448.0,0.02705707549199204
Al_board-washi,449.0,0.02650121445938051
Al_board-washi,450.0,0.026712756554196734
Al_board-washi,451.0,0.026741513342211053
Al_board-washi,452.0,0.026283124020685764
Al_board-washi,453.0,0.026210833914094334
Al_board-washi,454.0,0.025825271221666363
Al_board-washi,455.0,0.025375424730011496
Al_board-washi,456.0,0.025165272680117336
Al_board-washi,457.0,0.025178432160217534
Al_board-washi,458.0,0.024652687261714604
Al_board-washi,459.0,0.024624216072283833
Al_board-washi,460.0,0.02454240003891708
Al_board-washi,461.0,0.024367320312351348
Al_board-washi,462.0,0.024421244268109186
Al_board-washi,463.0,0.024297160981679253
Al_board-washi,464.0,0.024007986457032063
Al_board-washi,465.0,0.024360232197460904
Al_board-washi,466.0,0.024941593050882074
Al_board-washi,467.0,0.02466262734039334
Al_board-washi,468.0,0.025366351715737336
Al_board-washi,469.0,0.025465172650412777
Al_board-washi,470.0,0.02552933273823347
Al_board-washi,471.0,0.025181169902420333
Al_board-washi,472.0,0.02562492824119108
Al_board-washi,473.0,0.025508382291605756
Al_board-washi,474.0,0.025574691712040486
Al_board-washi,475.0,0.025624190393572215
Al_board-washi,476.0,0.025414677093415786
Al_board-washi,477.0,0.025251850772214392
Al_board-washi,478.0,0.025189113498787257
Al_board-washi,479.0,0.025382713871580427
Al_board-washi,480.0,0.0252057840049952
Al_board-washi,481.0,0.02483918033336992
Al_board-washi,482.0,0.025043666493673473
Al_board-washi,483.0,0.024933098362529486
Al_board-washi,484.0,0.025026615300267372
Al_board-washi,485.0,0.024558661628367232
Al_board-washi,486.0,0.024512941961327507
Al_board-washi,487.0,0.024126851017267182
Al_board-washi,488.0,0.023773642221370447
Al_board-washi,489.0,0.02367388686331974
Al_board-washi,490.0,0.023707019221908102
Al_board-washi,491.0,0.023588277542875114
Al_board-washi,492.0,0.02359640053246401
Al_board-washi,493.0,0.023797115361047016
Al_board-washi,494.0,0.02368430417742304
Al_board-washi,495.0,0.02346821976078635
Al_board-washi,496.0,0.023050802511265154
Al_board-washi,497.0,0.022956706665313225
Al_board-washi,498.0,0.022518159473173118
Al_board-washi,499.0,0.02211117014659015
Al_board-washi,500.0,0.022111170146590028
Al_board-rubber_board,0.0,0.0
Al_board-rubber_board,1.0,0.0
Al_board-rubber_board,2.0,0.0
Al_board-rubber_board,3.0,0.00010101010098969489
Al_board-rubber_board,4.0,3.487468654366211e-05
Al_board-rubber_board,5.0,4.661731047232213e-05
Al_board-rubber_board,6.0,2.7426927068411633e-05
Al_board-rubber_board,7.0,2.0613204579647325e-05
Al_board-rubber_board,8.0,5.593221440713627e-05
Al_board-rubber_board,9.0,7.321983376703593e-05
Al_board-rubber_board,10.0,5.910202752724129e-05
Al_board-rubber_board,11.0,4.2357079557603176e-05
Al_board-rubber_board,12.0,3.34948126697811e-05
Al_board-rubber_board,13.0,2.2727696746333e-05
Al_board-rubber_board,14.0,2.3599447173588837e-05
Al_board-rubber_board,15.0,3.397055319208013e-05
Al_board-rubber_board,16.0,2.933344695584813e-05
Al_board-rubber_board,17.0,5.305664295870486e-05
Al_board-rubber_board,18.0,6.371461684057353e-05
Al_board-rubber_board,19.0,5.56226558445442e-05
Al_board-rubber_board,20.0,6.168447035291838e-05
Al_board-rubber_board,21.0,8.938528768451457e-05
Al_board-rubber_board,22.0,0.00011693967524635147
Al_board-rubber_board,23.0,0.00011071085806869939
Al_board-rubber_board,24.0,0.00010681473576067745
Al_board-rubber_board,25.0,9.548400584292645e-05
Al_board-rubber_board,26.0,0.00010599067973027922
Al_board-rubber_board,27.0,0.000100541218800724
Al_board-rubber_board,28.0,9.756215757330106e-05
Al_board-rubber_board,29.0,0.00010662206358112337
Al_board-rubber_board,30.0,0.00010337117475619836
Al_board-rubber_board,31.0,0.00012205328554339098
Al_board-rubber_board,32.0,0.00012111384142386051
Al_board-rubber_board,33.0,0.00012517908648319374
Al_board-rubber_board,34.0,0.00011553914354188725
Al_board-rubber_board,35.0,9.799218842971742e-05
Al_board-rubber_board,36.0,8.210352719005352e-05
Al_board-rubber_board,37.0,7.748456139583014e-05
Al_board-rubber_board,38.0,8.382225072421964e-05
Al_board-rubber_board,39.0,7.034055127812033e-05
Al_board-rubber_board,40.0,7.164777116222536e-05
Al_board-rubber_board,41.0,8.124188458844781e-05
Al_board-rubber_board,42.0,9.757173448623925e-05
Al_board-rubber_board,43.0,8.330743215347675e-05
Al_board-rubber_board,44.0,8.123182103313769e-05
Al_board-rubber_board,45.0,7.486868611472893e-05
Al_board-rubber_board,46.0,7.498518302888518e-05
Al_board-rubber_board,47.0,9.490193641647751e-05
Al_board-rubber_board,48.0,9.720656624857226e-05
Al_board-rubber_board,49.0,9.49081176588197e-05
Al_board-rubber_board,50.0,7.705445980468787e-05
Al_board-rubber_board,51.0,7.18860349706196e-05
Al_board-rubber_board,52.0,5.519837390630309e-05
Al_board-rubber_board,53.0,6.0711134389521486e-05
Al_board-rubber_board,54.0,6.710181039833243e-05
Al_board-rubber_board,55.0,6.365611828353161e-05
Al_board-rubber_board,56.0,7.773394567052944e-05
Al_board-rubber_board,57.0,6.841158437284198e-05
Al_board-rubber_board,58.0,4.976636736485844e-05
Al_board-rubber_board,59.0,5.975456628431888e-05
Al_board-rubber_board,60.0,6.580127647574277e-05
Al_board-rubber_board,61.0,6.102161628110116e-05
Al_board-rubber_board,62.0,6.96069236018467e-05
Al_board-rubber_board,63.0,7.80094352096225e-05
Al_board-rubber_board,64.0,8.409190887326053e-05
Al_board-rubber_board,65.0,9.818768323097569e-05
Al_board-rubber_board,66.0,9.001964274724457e-05
Al_board-rubber_board,67.0,8.608398097962916e-05
Al_board-rubber_board,68.0,8.899294374420371e-05
Al_board-rubber_board,69.0,7.459151468426682e-05
Al_board-rubber_board,70.0,8.90658804356006e-05
Al_board-rubber_board,71.0,0.0001000117970306991
Al_board-rubber_board,72.0,0.0001259088801995671
Al_board-rubber_board,73.0,0.0001451352024126754
Al_board-rubber_board,74.0,0.00016338057297957123
Al_board-rubber_board,75.0,0.00015992770396193592
Al_board-rubber_board,76.0,0.0001911319077466972
Al_board-rubber_board,77.0,0.00019546178953704153
Al_board-rubber_board,78.0,0.0001951634380346709
Al_board-rubber_board,79.0,0.00021901574588618865
Al_board-rubber_board,80.0,0.00021722725374744036
Al_board-rubber_board,81.0,0.00024002596416962667
Al_board-rubber_board,82.0,0.00023756769177235145
Al_board-rubber_board,83.0,0.00031527564170864706
Al_board-rubber_board,84.0,0.0003667807237568146
Al_board-rubber_board,85.0,0.0003523315428014415
Al_board-rubber_board,86.0,0.00038644517455248284
Al_board-rubber_board,87.0,0.00037674909180154104
Al_board-rubber_board,88.0,0.00040638759068833193
Al_board-rubber_board,89.0,0.0003751647265731659
Al_board-rubber_board,90.0,0.00035306429141698765
Al_board-rubber_board,91.0,0.00034253345120345953
Al_board-rubber_board,92.0,0.00034731713793401266
Al_board-rubber_board,93.0,0.00031157374501812173
Al_board-rubber_board,94.0,0.00030679367739518733
Al_board-rubber_board,95.0,0.00030822484697256826
Al_board-rubber_board,96.0,0.0003185722016552938
Al_board-rubber_board,97.0,0.0003224632460627034
Al_board-rubber_board,98.0,0.00029309384989162785
Al_board-rubber_board,99.0,0.00025380333664199925
Al_board-rubber_board,100.0,0.00023878734322387433
Al_board-rubber_board,101.0,0.00023327192419219894
Al_board-rubber_board,102.0,0.0002152142695958664
Al_board-rubber_board,103.0,0.00018406202218865144
Al_board-rubber_board,104.0,0.0001505405158289649
Al_board-rubber_board,105.0,0.0001292458271211105
Al_board-rubber_board,106.0,0.00011997423118159501
Al_board-rubber_board,107.0,0.00010338823643377998
Al_board-rubber_board,108.0,9.496954388050718e-05
Al_board-rubber_board,109.0,9.491033714741194e-05
Al_board-rubber_board,110.0,0.00010229803733467561
Al_board-rubber_board,111.0,0.0001276664160636663
Al_board-rubber_board,112.0,0.00015353799809010777
Al_board-rubber_board,113.0,0.00016709707828582604
Al_board-rubber_board,114.0,0.00018522576262601132
Al_board-rubber_board,115.0,0.0001746960924138009
Al_board-rubber_board,116.0,0.0002185747706008856
Al_board-rubber_board,117.0,0.0002484521776519189
Al_board-rubber_board,118.0,0.00024423409817733103
Al_board-rubber_board,119.0,0.00028257486964411026
Al_board-rubber_board,120.0,0.00030234705917548744
Al_board-rubber_board,121.0,0.00042641139631510445
Al_board-rubber_board,122.0,0.0004787910419008131
Al_board-rubber_board,123.0,0.0006101334828282221
Al_board-rubber_board,124.0,0.000572447193041861
Al_board-rubber_board,125.0,0.0005211098822389027
Al_board-rubber_board,126.0,0.0005208850743338676
Al_board-rubber_board,127.0,0.0005421802529359128
Al_board-rubber_board,128.0,0.0005306445121782315
Al_board-rubber_board,129.0,0.0005107879097180353
Al_board-rubber_board,130.0,0.00045854195590584355
Al_board-rubber_board,131.0,0.00046004858645696547
Al_board-rubber_board,132.0,0.00043286178886976155
Al_board-rubber_board,133.0,0.00045016560939227366
Al_board-rubber_board,134.0,0.0004556118140897413
Al_board-rubber_board,135.0,0.00047136606005926857
Al_board-rubber_board,136.0,0.0005000057834903406
Al_board-rubber_board,137.0,0.0004691305218236582
Al_board-rubber_board,138.0,0.0004345453906418451
Al_board-rubber_board,139.0,0.0004488115935873202
Al_board-rubber_board,140.0,0.0004913771861883982
Al_board-rubber_board,141.0,0.000460330178706816
Al_board-rubber_board,142.0,0.0003824890459112382
Al_board-rubber_board,143.0,0.00029983875469125125
Al_board-rubber_board,144.0,0.00024816251066703764
Al_board-rubber_board,145.0,0.00021375278559566688
Al_board-rubber_board,146.0,0.00019009401894049872
Al_board-rubber_board,147.0,0.0001965797024622936
Al_board-rubber_board,148.0,0.0001763669730394653
Al_board-rubber_board,149.0,0.00017174742784431193
Al_board-rubber_board,150.0,0.00013343464486646734
Al_board-rubber_board,151.0,0.00013932729216046424
Al_board-rubber_board,152.0,0.0001470435130757297
Al_board-rubber_board,153.0,0.00016446030412091395
Al_board-rubber_board,154.0,0.00013214162923162574
Al_board-rubber_board,155.0,0.00012381589154614964
Al_board-rubber_board,156.0,0.0001571071911838189
Al_board-rubber_board,157.0,0.00017586439256901584
Al_board-rubber_board,158.0,0.0001606773789622301
Al_board-rubber_board,159.0,0.00017692435955776766
Al_board-rubber_board,160.0,0.00018965631262154864
Al_board-rubber_board,161.0,0.00022690122492627785
Al_board-rubber_board,162.0,0.00018185814140581473
Al_board-rubber_board,163.0,0.0001749093729953719
Al_board-rubber_board,164.0,0.00018567419234718412
Al_board-rubber_board,165.0,0.0002743822741557102
Al_board-rubber_board,166.0,0.00025136683933379967
Al_board-rubber_board,167.0,0.00023510340864821974
Al_board-rubber_board,168.0,0.00022445453595356033
Al_board-rubber_board,169.0,0.00023062597423957986
Al_board-rubber_board,170.0,0.00022025969530275975
Al_board-rubber_board,171.0,0.00022800090764153256
Al_board-rubber_board,172.0,0.00025307759811251426
Al_board-rubber_board,173.0,0.00022867610009899027
Al_board-rubber_board,174.0,0.00024562980548087837
Al_board-rubber_board,175.0,0.000250078856802903
Al_board-rubber_board,176.0,0.00022752644371121635
Al_board-rubber_board,177.0,0.00022249382279432701
Al_board-rubber_board,178.0,0.00022031462607359392
Al_board-rubber_board,179.0,0.0002651422192358678
Al_board-rubber_board,180.0,0.00025269861252377984
Al_board-rubber_board,181.0,0.0002511701955330513
Al_board-rubber_board,182.0,0.00020520104263196026
Al_board-rubber_board,183.0,0.00022452856229381615
Al_board-rubber_board,184.0,0.00020346482145918506
Al_board-rubber_board,185.0,0.00016938943689040782
Al_board-rubber_board,186.0,0.00017908959629341092
Al_board-rubber_board,187.0,0.00016299908282151285
Al_board-rubber_board,188.0,0.00017381044259307234
Al_board-rubber_board,189.0,0.00018123186694783558
Al_board-rubber_board,190.0,0.0001622555536080824
Al_board-rubber_board,191.0,0.00018877317148481462
Al_board-rubber_board,192.0,0.000195333712766999
Al_board-rubber_board,193.0,0.00021369911108984484
Al_board-rubber_board,194.0,0.00020393784546106358
Al_board-rubber_board,195.0,0.00020764465580396698
Al_board-rubber_board,196.0,0.00019068764536822296
Al_board-rubber_board,197.0,0.00018387825148524927
Al_board-rubber_board,198.0,0.0002018384942878764
Al_board-rubber_board,199.0,0.0002150107005154559
Al_board-rubber_board,200.0,0.0002605851986898901
Al_board-rubber_board,201.0,0.0002763673185311954
Al_board-rubber_board,202.0,0.00026032237240931053
Al_board-rubber_board,203.0,0.00023553060569138698
Al_board-rubber_board,204.0,0.0002405587346354203
Al_board-rubber_board,205.0,0.00024286380887296588
Al_board-rubber_board,206.0,0.00025533383345804857
Al_board-rubber_board,207.0,0.00022300918258661895
Al_board-rubber_board,208.0,0.00019069462383397763
Al_board-rubber_board,209.0,0.0001597395308104579
Al_board-rubber_board,210.0,0.0002122321996338494
Al_board-rubber_board,211.0,0.00023534103781896912
Al_board-rubber_board,212.0,0.00025736965324156725
Al_board-rubber_board,213.0,0.00025169409027861586
Al_board-rubber_board,214.0,0.00020970239799101138
Al_board-rubber_board,215.0,0.0001868734810776269
Al_board-rubber_board,216.0,0.00016799504073846733
Al_board-rubber_board,217.0,0.0001761005672097091
Al_board-rubber_board,218.0,0.00019395751240324595
Al_board-rubber_board,219.0,0.00020452071104158293
Al_board-rubber_board,220.0,0.00019696124618706783
Al_board-rubber_board,221.0,0.00020072679832257927
Al_board-rubber_board,222.0,0.00021507468689657146
Al_board-rubber_board,223.0,0.00018803570559913335
Al_board-rubber_board,224.0,0.00019859248401389067
Al_board-rubber_board,225.0,0.00018202017303187192
Al_board-rubber_board,226.0,0.00016222541350867552
Al_board-rubber_board,227.0,0.00018086422078660613
Al_board-rubber_board,228.0,0.00015746925780154368
Al_board-rubber_board,229.0,0.0001186567576904561
Al_board-rubber_board,230.0,0.00011100231975052272
Al_board-rubber_board,231.0,0.00011598366944451275
Al_board-rubber_board,232.0,0.00011480482818420136
Al_board-rubber_board,233.0,0.00011186718397826966
Al_board-rubber_board,234.0,0.00011468300057658805
Al_board-rubber_board,235.0,0.00011010765525799346
Al_board-rubber_board,236.0,0.00011782038524788555
Al_board-rubber_board,237.0,0.00015206001215171787
Al_board-rubber_board,238.0,0.00013110315015287864
Al_board-rubber_board,239.0,0.00015283333647696427
Al_board-rubber_board,240.0,0.00016256363760764898
Al_board-rubber_board,241.0,0.00020995381119320817
Al_board-rubber_board,242.0,0.0002663537930844073
Al_board-rubber_board,243.0,0.00030228591278103284
Al_board-rubber_board,244.0,0.00030750125659615503
Al_board-rubber_board,245.0,0.0003300290742888015
Al_board-rubber_board,246.0,0.00026522645244260874
Al_board-rubber_board,247.0,0.0002960674597451514
Al_board-rubber_board,248.0,0.00032844508821389356
Al_board-rubber_board,249.0,0.0002858064972228585
Al_board-rubber_board,250.0,0.0002762589377053551
Al_board-rubber_board,251.0,0.0003127562176233793
Al_board-rubber_board,252.0,0.00031824102826096294
Al_board-rubber_board,253.0,0.00028980808325602443
Al_board-rubber_board,254.0,0.0002926620794865584
Al_board-rubber_board,255.0,0.00028417641472876004
Al_board-rubber_board,256.0,0.00025961761018465017
Al_board-rubber_board,257.0,0.0002475740975234824
Al_board-rubber_board,258.0,0.00023727877123279928
Al_board-rubber_board,259.0,0.0002189207130243425
Al_board-rubber_board,260.0,0.00025274275166022226
Al_board-rubber_board,261.0,0.00022366861536477937
Al_board-rubber_board,262.0,0.00019979680620493823
Al_board-rubber_board,263.0,0.0001842402139032364
Al_board-rubber_board,264.0,0.00017674421962621947
Al_board-rubber_board,265.0,0.00015064359203539282
Al_board-rubber_board,266.0,0.00014212042068032716
Al_board-rubber_board,267.0,0.00013222967422590808
Al_board-rubber_board,268.0,0.0001327507704441495
Al_board-rubber_board,269.0,0.00015044170710803027
Al_board-rubber_board,270.0,0.00012883459781464548
Al_board-rubber_board,271.0,0.00012904020233648854
Al_board-rubber_board,272.0,0.00011430172455315002
Al_board-rubber_board,273.0,0.00012343236335279304
Al_board-rubber_board,274.0,0.000125650693027948
Al_board-rubber_board,275.0,0.000105780751164284
Al_board-rubber_board,276.0,0.00011091400820854208
Al_board-rubber_board,277.0,0.0001146511240924118
Al_board-rubber_board,278.0,0.00010911018467837966
Al_board-rubber_board,279.0,9.885340774535118e-05
Al_board-rubber_board,280.0,0.00011247279333316441
Al_board-rubber_board,281.0,0.00011987293571165065
Al_board-rubber_board,282.0,0.0001280448411049236
Al_board-rubber_board,283.0,0.0001347612459083741
Al_board-rubber_board,284.0,0.0001468980592845868
Al_board-rubber_board,285.0,0.00015332543420299918
Al_board-rubber_board,286.0,0.00015947330482517433
Al_board-rubber_board,287.0,0.00017833676738763287
Al_board-rubber_board,288.0,0.0001733261381322878
Al_board-rubber_board,289.0,0.0001705662667326374
Al_board-rubber_board,290.0,0.0001682352707769907
Al_board-rubber_board,291.0,0.00019255479043603127
Al_board-rubber_board,292.0,0.00018475800746929353
Al_board-rubber_board,293.0,0.0001900771210392485
Al_board-rubber_board,294.0,0.00018497283320626154
Al_board-rubber_board,295.0,0.00017370569365093773
Al_board-rubber_board,296.0,0.00021278909387391885
Al_board-rubber_board,297.0,0.00020681958458246288
Al_board-rubber_board,298.0,0.00018707086016504613
Al_board-rubber_board,299.0,0.0001890079573149002
Al_board-rubber_board,300.0,0.00018081973213665483
Al_board-rubber_board,301.0,0.00019154468451325167
Al_board-rubber_board,302.0,0.0002200768015853106
Al_board-rubber_board,303.0,0.00020196210621726377
Al_board-rubber_board,304.0,0.00018164177733102436
Al_board-rubber_board,305.0,0.00018699431633527235
Al_board-rubber_board,306.0,0.00021458876392190307
Al_board-rubber_board,307.0,0.00020608019165086126
Al_board-rubber_board,308.0,0.00022261202836646162
Al_board-rubber_board,309.0,0.00021799876990822738
Al_board-rubber_board,310.0,0.00023782323263056186
Al_board-rubber_board,311.0,0.00028456608412768885
Al_board-rubber_board,312.0,0.00028384838484704454
Al_board-rubber_board,313.0,0.0003140022714168934
Al_board-rubber_board,314.0,0.0003432015724342808
Al_board-rubber_board,315.0,0.0003274747591191076
Al_board-rubber_board,316.0,0.0003715720707451203
Al_board-rubber_board,317.0,0.00034420960621872073
Al_board-rubber_board,318.0,0.00032994575066061564
Al_board-rubber_board,319.0,0.000372846742434807
Al_board-rubber_board,320.0,0.0004336354320206152
Al_board-rubber_board,321.0,0.0004186034514807793
Al_board-rubber_board,322.0,0.00039025280526515784
Al_board-rubber_board,323.0,0.0004216221704850938
Al_board-rubber_board,324.0,0.00041820391860150093
Al_board-rubber_board,325.0,0.000419533098409952
Al_board-rubber_board,326.0,0.0004875410456303228
Al_board-rubber_board,327.0,0.000503461898278512
Al_board-rubber_board,328.0,0.0004954549586912504
Al_board-rubber_board,329.0,0.00048640701962991527
Al_board-rubber_board,330.0,0.0004993449118296867
Al_board-rubber_board,331.0,0.0005282110457186443
Al_board-rubber_board,332.0,0.0005268006277474884
Al_board-rubber_board,333.0,0.0005007978444827201
Al_board-rubber_board,334.0,0.0005650480566677264
Al_board-rubber_board,335.0,0.000540143329246696
Al_board-rubber_board,336.0,0.0005767713586699696
Al_board-rubber_board,337.0,0.0005812164560021975
Al_board-rubber_board,338.0,0.0006424472020387634
Al_board-rubber_board,339.0,0.0005834725627920792
Al_board-rubber_board,340.0,0.0005477670108608786
Al_board-rubber_board,341.0,0.00047974064952303186
Al_board-rubber_board,342.0,0.0005281398448670077
Al_board-rubber_board,343.0,0.000553042558195508
Al_board-rubber_board,344.0,0.0005049292390499734
Al_board-rubber_board,345.0,0.00048293435530192164
Al_board-rubber_board,346.0,0.000523755405590315
Al_board-rubber_board,347.0,0.0004986568753050984
Al_board-rubber_board,348.0,0.0005025888204288122
Al_board-rubber_board,349.0,0.000489465698898058
Al_board-rubber_board,350.0,0.0004970757549807279
Al_board-rubber_board,351.0,0.0004604512898622667
Al_board-rubber_board,352.0,0.0003728773788135623
Al_board-rubber_board,353.0,0.00033428766894674355
Al_board-rubber_board,354.0,0.00032973546329172486
Al_board-rubber_board,355.0,0.00034229588469776194
Al_board-rubber_board,356.0,0.000357529179621536
Al_board-rubber_board,357.0,0.0003961495276734107
Al_board-rubber_board,358.0,0.0003528587510013391
Al_board-rubber_board,359.0,0.0003345548717109003
Al_board-rubber_board,360.0,0.0003496725321530325
Al_board-rubber_board,361.0,0.0004036658505135423
Al_board-rubber_board,362.0,0.00037267154750945675
Al_board-rubber_board,363.0,0.0003443605568091788
Al_board-rubber_board,364.0,0.0003438005541530308
Al_board-rubber_board,365.0,0.0003168962355256186
Al_board-rubber_board,366.0,0.00036461340355997945
Al_board-rubber_board,367.0,0.00033998745920839
Al_board-rubber_board,368.0,0.000365926261327079
Al_board-rubber_board,369.0,0.0003668404916759909
Al_board-rubber_board,370.0,0.0003908848556500857
Al_board-rubber_board,371.0,0.0003284057199218028
Al_board-rubber_board,372.0,0.0003825144907016175
Al_board-rubber_board,373.0,0.0004168760327768907
Al_board-rubber_board,374.0,0.00039140125014541365
Al_board-rubber_board,375.0,0.00037091191977235217
Al_board-rubber_board,376.0,0.0003793994698530187
Al_board-rubber_board,377.0,0.0003825446990417278
Al_board-rubber_board,378.0,0.0003668682428346401
Al_board-rubber_board,379.0,0.0003500409015930996
Al_board-rubber_board,380.0,0.0002915054338938748
Al_board-rubber_board,381.0,0.00029499297617343017
Al_board-rubber_board,382.0,0.0003363579916184509
Al_board-rubber_board,383.0,0.00028042901526611894
Al_board-rubber_board,384.0,0.000265672719734621
Al_board-rubber_board,385.0,0.00030531711691241507
Al_board-rubber_board,386.0,0.0002671997873843523
Al_board-rubber_board,387.0,0.00024136775450095787
Al_board-rubber_board,388.0,0.00027279481709301616
Al_board-rubber_board,389.0,0.0002669440598797201
Al_board-rubber_board,390.0,0.00026838196620884204
Al_board-rubber_board,391.0,0.0002549727399990152
Al_board-rubber_board,392.0,0.00023032934349587753
Al_board-rubber_board,393.0,0.00019691576756864973
Al_board-rubber_board,394.0,0.00019682300031044578
Al_board-rubber_board,395.0,0.00020021106630728488
Al_board-rubber_board,396.0,0.00020163697334146994
Al_board-rubber_board,397.0,0.0001920825333040384
Al_board-rubber_board,398.0,0.00018043630935978003
Al_board-rubber_board,399.0,0.0001709143100384227
Al_board-rubber_board,400.0,0.00015946759680003883
Al_board-rubber_board,401.0,0.00018230941241245864
Al_board-rubber_board,402.0,0.00016992332536616754
Al_board-rubber_board,403.0,0.00015153726721982974
Al_board-rubber_board,404.0,0.00013761528382030225
Al_board-rubber_board,405.0,0.0001418768782176574
Al_board-rubber_board,406.0,0.0001413460149931474
Al_board-rubber_board,407.0,0.00013855449350480152
Al_board-rubber_board,408.0,0.00014058975251346757
Al_board-rubber_board,409.0,0.0001448705271327886
Al_board-rubber_board,410.0,0.0001393973129191465
Al_board-rubber_board,411.0,0.00013805001642640152
Al_board-rubber_board,412.0,0.00013411004002390983
Al_board-rubber_board,413.0,0.00013320514874044797
Al_board-rubber_board,414.0,0.00014424851691362416
Al_board-rubber_board,415.0,0.00015100450523022256
Al_board-rubber_board,416.0,0.0001393873512531432
Al_board-rubber_board,417.0,0.0001344383817596421
Al_board-rubber_board,418.0,0.00011419777875518393
Al_board-rubber_board,419.0,0.0001056628635756356
Al_board-rubber_board,420.0,0.00010576728212473027
Al_board-rubber_board,421.0,0.00010703432148283554
Al_board-rubber_board,422.0,0.00010948811774618976
Al_board-rubber_board,423.0,0.00010624208343944699
Al_board-rubber_board,424.0,0.00010741824335951709
Al_board-rubber_board,425.0,0.00011699980833556281
Al_board-rubber_board,426.0,0.00013180624194206858
Al_board-rubber_board,427.0,0.00014805660960562009
Al_board-rubber_board,428.0,0.00013819333943260455
Al_board-rubber_board,429.0,0.0001256759543800979
Al_board-rubber_board,430.0,0.0001495134166387988
Al_board-rubber_board,431.0,0.00014711525994529512
Al_board-rubber_board,432.0,0.0001339353458521206
Al_board-rubber_board,433.0,0.00016337255478369905
Al_board-rubber_board,434.0,0.00017158820466712377
Al_board-rubber_board,435.0,0.00016218745776656817
Al_board-rubber_board,436.0,0.00016958413489756493
Al_board-rubber_board,437.0,0.00014502197053702537
Al_board-rubber_board,438.0,0.00014508680819823802
Al_board-rubber_board,439.0,0.0001384820426626719
Al_board-rubber_board,440.0,0.0001237892911395985
Al_board-rubber_board,441.0,0.00012733017970951627
Al_board-rubber_board,442.0,0.0001314236716618676
Al_board-rubber_board,443.0,0.00013509801200703192
Al_board-rubber_board,444.0,0.0001361502125773798
Al_board-rubber_board,445.0,0.00014114406033811753
Al_board-rubber_board,446.0,0.0001437825132809624
Al_board-rubber_board,447.0,0.00014623959737158966
Al_board-rubber_board,448.0,0.0001462845312233428
Al_board-rubber_board,449.0,0.00012298793264815583
Al_board-rubber_board,450.0,0.00012840039182601584
Al_board-rubber_board,451.0,0.00011556066709207014
Al_board-rubber_board,452.0,0.00011694691009077454
Al_board-rubber_board,453.0,0.00012616042814730824
Al_board-rubber_board,454.0,0.00010552496419230108
Al_board-rubber_board,455.0,9.048890093920244e-05
Al_board-rubber_board,456.0,0.00010562595308886807
Al_board-rubber_board,457.0,0.00010451733466407417
Al_board-rubber_board,458.0,9.824949930603743e-05
Al_board-rubber_board,459.0,7.865942816240842e-05
Al_board-rubber_board,460.0,5.747941594328564e-05
Al_board-rubber_board,461.0,7.41250315628317e-05
Al_board-rubber_board,462.0,6.82166838775587e-05
Al_board-rubber_board,463.0,7.367377659501849e-05
Al_board-rubber_board,464.0,9.96577608538184e-05
Al_board-rubber_board,465.0,0.00012508534014777902
Al_board-rubber_board,466.0,0.00013608107836928353
Al_board-rubber_board,467.0,0.0001105334373480016
Al_board-rubber_board,468.0,0.00013824099333632008
Al_board-rubber_board,469.0,0.0001238805032168509
Al_board-rubber_board,470.0,0.00012471783497333116
Al_board-rubber_board,471.0,0.00011060096311677702
Al_board-rubber_board,472.0,0.00010664555178660638
Al_board-rubber_board,473.0,0.00011221627902282902
Al_board-rubber_board,474.0,0.00011973233045705516
Al_board-rubber_board,475.0,0.00012164112661016564
Al_board-rubber_board,476.0,0.0001161119275763571
Al_board-rubber_board,477.0,0.00010601330977303803
Al_board-rubber_board,478.0,0.00010226000987157895
Al_board-rubber_board,479.0,0.00011265912517399647
Al_board-rubber_board,480.0,0.00011196359106323868
Al_board-rubber_board,481.0,0.00010030314496279503
Al_board-rubber_board,482.0,0.00010867724220902666
Al_board-rubber_board,483.0,0.00011506201378867672
Al_board-rubber_board,484.0,9.776910008653534e-05
Al_board-rubber_board,485.0,9.634797016998625e-05
Al_board-rubber_board,486.0,8.788070280399091e-05
Al_board-rubber_board,487.0,8.246101735701462e-05
Al_board-rubber_board,488.0,8.353215807237702e-05
Al_board-rubber_board,489.0,7.020086756023635e-05
Al_board-rubber_board,490.0,6.249051552826644e-05
Al_board-rubber_board,491.0,5.8135383955422264e-05
Al_board-rubber_board,492.0,4.8392194415236046e-05
Al_board-rubber_board,493.0,5.3584429123161946e-05
Al_board-rubber_board,494.0,4.987299479017658e-05
Al_board-rubber_board,495.0,5.5053040423604944e-05
Al_board-rubber_board,496.0,5.481610877824453e-05
Al_board-rubber_board,497.0,5.5869192631901454e-05
Al_board-rubber_board,498.0,6.196124906369421e-05
Al_board-rubber_board,499.0,6.459457760695854e-05
Al_board-rubber_board,500.0,6.459457760695775e-05
