search_idx,search_id,rep,status,elapsed_sec,A_plus,A_minus,tau_plus,tau_minus,tau_pre_M,tau_post_M,A_pre_M,A_post_M,wmin,wmax,eps_w
1,search_001,1,success,17059.467264175415,0.0007,0.0006,11.7,14.0,13.0,13.0,3e-05,3e-05,-1.0,1.0,1e-12
2,search_002,1,success,17048.43999505043,0.0007,0.0006,11.7,14.0,13.0,14.0,3e-05,3e-05,-1.0,1.0,1e-12
3,search_003,1,success,16768.256702899933,0.0007,0.0006,11.7,14.0,13.0,15.0,3e-05,3e-05,-1.0,1.0,1e-12
4,search_004,1,success,16738.565356969833,0.0007,0.0006,11.7,14.0,13.0,16.0,3e-05,3e-05,-1.0,1.0,1e-12
5,search_005,1,success,16420.48355126381,0.0007,0.0006,11.7,14.0,13.0,17.0,3e-05,3e-05,-1.0,1.0,1e-12
6,search_006,1,success,17086.983066082,0.0007,0.0006,11.7,14.0,14.0,13.0,3e-05,3e-05,-1.0,1.0,1e-12
7,search_007,1,success,17183.124947071075,0.0007,0.0006,11.7,14.0,14.0,14.0,3e-05,3e-05,-1.0,1.0,1e-12
8,search_008,1,success,17001.860898971558,0.0007,0.0006,11.7,14.0,14.0,15.0,3e-05,3e-05,-1.0,1.0,1e-12
9,search_009,1,success,16777.852231025696,0.0007,0.0006,11.7,14.0,14.0,16.0,3e-05,3e-05,-1.0,1.0,1e-12
10,search_010,1,success,16822.181625843048,0.0007,0.0006,11.7,14.0,14.0,17.0,3e-05,3e-05,-1.0,1.0,1e-12
11,search_011,1,success,17449.739313840866,0.0007,0.0006,11.7,14.0,15.0,13.0,3e-05,3e-05,-1.0,1.0,1e-12
12,search_012,1,success,17078.154431819916,0.0007,0.0006,11.7,14.0,15.0,14.0,3e-05,3e-05,-1.0,1.0,1e-12
13,search_013,1,success,17000.287985801697,0.0007,0.0006,11.7,14.0,15.0,15.0,3e-05,3e-05,-1.0,1.0,1e-12
14,search_014,1,success,16909.35730600357,0.0007,0.0006,11.7,14.0,15.0,16.0,3e-05,3e-05,-1.0,1.0,1e-12
15,search_015,1,success,16893.302785158157,0.0007,0.0006,11.7,14.0,15.0,17.0,3e-05,3e-05,-1.0,1.0,1e-12
16,search_016,1,success,17429.04857969284,0.0007,0.0006,11.7,14.0,16.0,13.0,3e-05,3e-05,-1.0,1.0,1e-12
17,search_017,1,success,17387.47026371956,0.0007,0.0006,11.7,14.0,16.0,14.0,3e-05,3e-05,-1.0,1.0,1e-12
18,search_018,1,success,17316.569830179214,0.0007,0.0006,11.7,14.0,16.0,15.0,3e-05,3e-05,-1.0,1.0,1e-12
19,search_019,1,success,17059.788711071014,0.0007,0.0006,11.7,14.0,16.0,16.0,3e-05,3e-05,-1.0,1.0,1e-12
20,search_020,1,success,17076.63077902794,0.0007,0.0006,11.7,14.0,16.0,17.0,3e-05,3e-05,-1.0,1.0,1e-12
21,search_021,1,success,17415.816533088684,0.0007,0.0006,11.7,14.0,17.0,13.0,3e-05,3e-05,-1.0,1.0,1e-12
22,search_022,1,success,17515.711802005768,0.0007,0.0006,11.7,14.0,17.0,14.0,3e-05,3e-05,-1.0,1.0,1e-12
23,search_023,1,success,17385.933501005173,0.0007,0.0006,11.7,14.0,17.0,15.0,3e-05,3e-05,-1.0,1.0,1e-12
24,search_024,1,success,17228.504125118256,0.0007,0.0006,11.7,14.0,17.0,16.0,3e-05,3e-05,-1.0,1.0,1e-12
25,search_025,1,success,17121.025735139847,0.0007,0.0006,11.7,14.0,17.0,17.0,3e-05,3e-05,-1.0,1.0,1e-12
26,search_026,1,success,16663.168204069138,0.0007,0.0006,11.7,14.0,13.0,13.0,3e-05,4e-05,-1.0,1.0,1e-12
27,search_027,1,success,16479.59460568428,0.0007,0.0006,11.7,14.0,13.0,14.0,3e-05,4e-05,-1.0,1.0,1e-12
28,search_028,1,success,16621.643728017807,0.0007,0.0006,11.7,14.0,13.0,15.0,3e-05,4e-05,-1.0,1.0,1e-12
29,search_029,1,success,16262.950173854828,0.0007,0.0006,11.7,14.0,13.0,16.0,3e-05,4e-05,-1.0,1.0,1e-12
30,search_030,1,success,16182.130450963974,0.0007,0.0006,11.7,14.0,13.0,17.0,3e-05,4e-05,-1.0,1.0,1e-12
31,search_031,1,success,16701.605835676193,0.0007,0.0006,11.7,14.0,14.0,13.0,3e-05,4e-05,-1.0,1.0,1e-12
32,search_032,1,success,16548.364514112473,0.0007,0.0006,11.7,14.0,14.0,14.0,3e-05,4e-05,-1.0,1.0,1e-12
33,search_033,1,success,16554.935948848724,0.0007,0.0006,11.7,14.0,14.0,15.0,3e-05,4e-05,-1.0,1.0,1e-12
34,search_034,1,success,16476.20633292198,0.0007,0.0006,11.7,14.0,14.0,16.0,3e-05,4e-05,-1.0,1.0,1e-12
35,search_035,1,success,16470.929011821747,0.0007,0.0006,11.7,14.0,14.0,17.0,3e-05,4e-05,-1.0,1.0,1e-12
36,search_036,1,success,16710.17449903488,0.0007,0.0006,11.7,14.0,15.0,13.0,3e-05,4e-05,-1.0,1.0,1e-12
37,search_037,1,success,16530.44702386856,0.0007,0.0006,11.7,14.0,15.0,14.0,3e-05,4e-05,-1.0,1.0,1e-12
38,search_038,1,success,16474.586769104004,0.0007,0.0006,11.7,14.0,15.0,15.0,3e-05,4e-05,-1.0,1.0,1e-12
39,search_039,1,success,16505.01730322838,0.0007,0.0006,11.7,14.0,15.0,16.0,3e-05,4e-05,-1.0,1.0,1e-12
40,search_040,1,success,16326.451401948929,0.0007,0.0006,11.7,14.0,15.0,17.0,3e-05,4e-05,-1.0,1.0,1e-12
41,search_041,1,success,16897.748372077942,0.0007,0.0006,11.7,14.0,16.0,13.0,3e-05,4e-05,-1.0,1.0,1e-12
42,search_042,1,success,16907.845094919205,0.0007,0.0006,11.7,14.0,16.0,14.0,3e-05,4e-05,-1.0,1.0,1e-12
43,search_043,1,success,16613.763929128647,0.0007,0.0006,11.7,14.0,16.0,15.0,3e-05,4e-05,-1.0,1.0,1e-12
44,search_044,1,success,16456.24546098709,0.0007,0.0006,11.7,14.0,16.0,16.0,3e-05,4e-05,-1.0,1.0,1e-12
45,search_045,1,success,16502.034512043,0.0007,0.0006,11.7,14.0,16.0,17.0,3e-05,4e-05,-1.0,1.0,1e-12
46,search_046,1,success,17107.48852300644,0.0007,0.0006,11.7,14.0,17.0,13.0,3e-05,4e-05,-1.0,1.0,1e-12
47,search_047,1,success,17060.958292245865,0.0007,0.0006,11.7,14.0,17.0,14.0,3e-05,4e-05,-1.0,1.0,1e-12
48,search_048,1,success,16920.207907915115,0.0007,0.0006,11.7,14.0,17.0,15.0,3e-05,4e-05,-1.0,1.0,1e-12
49,search_049,1,success,16780.86106491089,0.0007,0.0006,11.7,14.0,17.0,16.0,3e-05,4e-05,-1.0,1.0,1e-12
50,search_050,1,success,16578.04655790329,0.0007,0.0006,11.7,14.0,17.0,17.0,3e-05,4e-05,-1.0,1.0,1e-12
51,search_051,1,success,16281.795947790146,0.0007,0.0006,11.7,14.0,13.0,13.0,3e-05,5e-05,-1.0,1.0,1e-12
52,search_052,1,success,16285.16638469696,0.0007,0.0006,11.7,14.0,13.0,14.0,3e-05,5e-05,-1.0,1.0,1e-12
53,search_053,1,success,16245.014045000076,0.0007,0.0006,11.7,14.0,13.0,15.0,3e-05,5e-05,-1.0,1.0,1e-12
54,search_054,1,success,16298.970436811447,0.0007,0.0006,11.7,14.0,13.0,16.0,3e-05,5e-05,-1.0,1.0,1e-12
55,search_055,1,success,16227.862540006638,0.0007,0.0006,11.7,14.0,13.0,17.0,3e-05,5e-05,-1.0,1.0,1e-12
56,search_056,1,success,16518.603579998016,0.0007,0.0006,11.7,14.0,14.0,13.0,3e-05,5e-05,-1.0,1.0,1e-12
57,search_057,1,success,16604.585954666138,0.0007,0.0006,11.7,14.0,14.0,14.0,3e-05,5e-05,-1.0,1.0,1e-12
58,search_058,1,success,16597.893977880478,0.0007,0.0006,11.7,14.0,14.0,15.0,3e-05,5e-05,-1.0,1.0,1e-12
59,search_059,1,success,16637.74124979973,0.0007,0.0006,11.7,14.0,14.0,16.0,3e-05,5e-05,-1.0,1.0,1e-12
60,search_060,1,success,16429.807291984558,0.0007,0.0006,11.7,14.0,14.0,17.0,3e-05,5e-05,-1.0,1.0,1e-12
61,search_061,1,success,16766.42857003212,0.0007,0.0006,11.7,14.0,15.0,13.0,3e-05,5e-05,-1.0,1.0,1e-12
62,search_062,1,success,16796.91215991974,0.0007,0.0006,11.7,14.0,15.0,14.0,3e-05,5e-05,-1.0,1.0,1e-12
63,search_063,1,success,16585.414916038513,0.0007,0.0006,11.7,14.0,15.0,15.0,3e-05,5e-05,-1.0,1.0,1e-12
64,search_064,1,success,16596.21238398552,0.0007,0.0006,11.7,14.0,15.0,16.0,3e-05,5e-05,-1.0,1.0,1e-12
65,search_065,1,success,16633.607794046402,0.0007,0.0006,11.7,14.0,15.0,17.0,3e-05,5e-05,-1.0,1.0,1e-12
66,search_066,1,success,16911.30487704277,0.0007,0.0006,11.7,14.0,16.0,13.0,3e-05,5e-05,-1.0,1.0,1e-12
67,search_067,1,success,16676.223075151443,0.0007,0.0006,11.7,14.0,16.0,14.0,3e-05,5e-05,-1.0,1.0,1e-12
68,search_068,1,success,16621.88720703125,0.0007,0.0006,11.7,14.0,16.0,15.0,3e-05,5e-05,-1.0,1.0,1e-12
69,search_069,1,success,16674.53492975235,0.0007,0.0006,11.7,14.0,16.0,16.0,3e-05,5e-05,-1.0,1.0,1e-12
70,search_070,1,success,16623.297103881836,0.0007,0.0006,11.7,14.0,16.0,17.0,3e-05,5e-05,-1.0,1.0,1e-12
71,search_071,1,success,16501.032200098038,0.0007,0.0006,11.7,14.0,17.0,13.0,3e-05,5e-05,-1.0,1.0,1e-12
72,search_072,1,success,16372.22240805626,0.0007,0.0006,11.7,14.0,17.0,14.0,3e-05,5e-05,-1.0,1.0,1e-12
73,search_073,1,success,16271.226874113083,0.0007,0.0006,11.7,14.0,17.0,15.0,3e-05,5e-05,-1.0,1.0,1e-12
74,search_074,1,success,16275.532422065735,0.0007,0.0006,11.7,14.0,17.0,16.0,3e-05,5e-05,-1.0,1.0,1e-12
75,search_075,1,success,16253.676526069641,0.0007,0.0006,11.7,14.0,17.0,17.0,3e-05,5e-05,-1.0,1.0,1e-12
76,search_076,1,success,16158.220654010773,0.0007,0.0006,11.7,14.0,13.0,13.0,3e-05,6e-05,-1.0,1.0,1e-12
77,search_077,1,success,16054.428372859955,0.0007,0.0006,11.7,14.0,13.0,14.0,3e-05,6e-05,-1.0,1.0,1e-12
78,search_078,1,success,16016.889479160309,0.0007,0.0006,11.7,14.0,13.0,15.0,3e-05,6e-05,-1.0,1.0,1e-12
79,search_079,1,success,16119.213789224625,0.0007,0.0006,11.7,14.0,13.0,16.0,3e-05,6e-05,-1.0,1.0,1e-12
80,search_080,1,success,15903.494735956192,0.0007,0.0006,11.7,14.0,13.0,17.0,3e-05,6e-05,-1.0,1.0,1e-12
81,search_081,1,success,16137.78042960167,0.0007,0.0006,11.7,14.0,14.0,13.0,3e-05,6e-05,-1.0,1.0,1e-12
82,search_082,1,success,16143.389380931854,0.0007,0.0006,11.7,14.0,14.0,14.0,3e-05,6e-05,-1.0,1.0,1e-12
83,search_083,1,success,16164.61751794815,0.0007,0.0006,11.7,14.0,14.0,15.0,3e-05,6e-05,-1.0,1.0,1e-12
84,search_084,1,success,16150.58515906334,0.0007,0.0006,11.7,14.0,14.0,16.0,3e-05,6e-05,-1.0,1.0,1e-12
85,search_085,1,success,15800.01812505722,0.0007,0.0006,11.7,14.0,14.0,17.0,3e-05,6e-05,-1.0,1.0,1e-12
86,search_086,1,success,16064.738145112991,0.0007,0.0006,11.7,14.0,15.0,13.0,3e-05,6e-05,-1.0,1.0,1e-12
87,search_087,1,success,16165.151986837387,0.0007,0.0006,11.7,14.0,15.0,14.0,3e-05,6e-05,-1.0,1.0,1e-12
88,search_088,1,success,16020.504011154175,0.0007,0.0006,11.7,14.0,15.0,15.0,3e-05,6e-05,-1.0,1.0,1e-12
89,search_089,1,success,15981.43690609932,0.0007,0.0006,11.7,14.0,15.0,16.0,3e-05,6e-05,-1.0,1.0,1e-12
90,search_090,1,success,16041.548683166504,0.0007,0.0006,11.7,14.0,15.0,17.0,3e-05,6e-05,-1.0,1.0,1e-12
91,search_091,1,success,16076.280789136887,0.0007,0.0006,11.7,14.0,16.0,13.0,3e-05,6e-05,-1.0,1.0,1e-12
92,search_092,1,success,16073.113363742828,0.0007,0.0006,11.7,14.0,16.0,14.0,3e-05,6e-05,-1.0,1.0,1e-12
93,search_093,1,success,16013.107703208923,0.0007,0.0006,11.7,14.0,16.0,15.0,3e-05,6e-05,-1.0,1.0,1e-12
94,search_094,1,success,16153.459864139557,0.0007,0.0006,11.7,14.0,16.0,16.0,3e-05,6e-05,-1.0,1.0,1e-12
95,search_095,1,success,16061.228502750397,0.0007,0.0006,11.7,14.0,16.0,17.0,3e-05,6e-05,-1.0,1.0,1e-12
96,search_096,1,success,16268.786938905716,0.0007,0.0006,11.7,14.0,17.0,13.0,3e-05,6e-05,-1.0,1.0,1e-12
97,search_097,1,success,16263.786331892014,0.0007,0.0006,11.7,14.0,17.0,14.0,3e-05,6e-05,-1.0,1.0,1e-12
98,search_098,1,success,16201.381247997284,0.0007,0.0006,11.7,14.0,17.0,15.0,3e-05,6e-05,-1.0,1.0,1e-12
99,search_099,1,success,16241.55388712883,0.0007,0.0006,11.7,14.0,17.0,16.0,3e-05,6e-05,-1.0,1.0,1e-12
100,search_100,1,success,16046.344097137451,0.0007,0.0006,11.7,14.0,17.0,17.0,3e-05,6e-05,-1.0,1.0,1e-12
101,search_101,1,success,16060.820374965668,0.0007,0.0006,11.7,14.0,13.0,13.0,3e-05,7e-05,-1.0,1.0,1e-12
102,search_102,1,success,16014.325800895691,0.0007,0.0006,11.7,14.0,13.0,14.0,3e-05,7e-05,-1.0,1.0,1e-12
103,search_103,1,success,15980.647922992706,0.0007,0.0006,11.7,14.0,13.0,15.0,3e-05,7e-05,-1.0,1.0,1e-12
104,search_104,1,success,15985.777981996536,0.0007,0.0006,11.7,14.0,13.0,16.0,3e-05,7e-05,-1.0,1.0,1e-12
105,search_105,1,success,15774.94379901886,0.0007,0.0006,11.7,14.0,13.0,17.0,3e-05,7e-05,-1.0,1.0,1e-12
106,search_106,1,success,16103.637010097504,0.0007,0.0006,11.7,14.0,14.0,13.0,3e-05,7e-05,-1.0,1.0,1e-12
107,search_107,1,success,16106.673969984055,0.0007,0.0006,11.7,14.0,14.0,14.0,3e-05,7e-05,-1.0,1.0,1e-12
108,search_108,1,success,16156.213733196259,0.0007,0.0006,11.7,14.0,14.0,15.0,3e-05,7e-05,-1.0,1.0,1e-12
109,search_109,1,success,16055.289600133896,0.0007,0.0006,11.7,14.0,14.0,16.0,3e-05,7e-05,-1.0,1.0,1e-12
110,search_110,1,success,16019.171082019806,0.0007,0.0006,11.7,14.0,14.0,17.0,3e-05,7e-05,-1.0,1.0,1e-12
111,search_111,1,success,16249.89405965805,0.0007,0.0006,11.7,14.0,15.0,13.0,3e-05,7e-05,-1.0,1.0,1e-12
112,search_112,1,success,16170.344140052795,0.0007,0.0006,11.7,14.0,15.0,14.0,3e-05,7e-05,-1.0,1.0,1e-12
113,search_113,1,success,16100.357460975647,0.0007,0.0006,11.7,14.0,15.0,15.0,3e-05,7e-05,-1.0,1.0,1e-12
114,search_114,1,success,15962.506127119064,0.0007,0.0006,11.7,14.0,15.0,16.0,3e-05,7e-05,-1.0,1.0,1e-12
115,search_115,1,success,15870.496669054031,0.0007,0.0006,11.7,14.0,15.0,17.0,3e-05,7e-05,-1.0,1.0,1e-12
116,search_116,1,success,16182.140662908554,0.0007,0.0006,11.7,14.0,16.0,13.0,3e-05,7e-05,-1.0,1.0,1e-12
117,search_117,1,success,16116.133683919907,0.0007,0.0006,11.7,14.0,16.0,14.0,3e-05,7e-05,-1.0,1.0,1e-12
118,search_118,1,success,16061.12934088707,0.0007,0.0006,11.7,14.0,16.0,15.0,3e-05,7e-05,-1.0,1.0,1e-12
119,search_119,1,success,16084.407243013382,0.0007,0.0006,11.7,14.0,16.0,16.0,3e-05,7e-05,-1.0,1.0,1e-12
120,search_120,1,success,15929.708262205124,0.0007,0.0006,11.7,14.0,16.0,17.0,3e-05,7e-05,-1.0,1.0,1e-12
121,search_121,1,success,16286.632958889008,0.0007,0.0006,11.7,14.0,17.0,13.0,3e-05,7e-05,-1.0,1.0,1e-12
122,search_122,1,success,16206.002034187317,0.0007,0.0006,11.7,14.0,17.0,14.0,3e-05,7e-05,-1.0,1.0,1e-12
123,search_123,1,success,16056.514685153961,0.0007,0.0006,11.7,14.0,17.0,15.0,3e-05,7e-05,-1.0,1.0,1e-12
124,search_124,1,success,16178.830861091614,0.0007,0.0006,11.7,14.0,17.0,16.0,3e-05,7e-05,-1.0,1.0,1e-12
125,search_125,1,success,16143.618097305298,0.0007,0.0006,11.7,14.0,17.0,17.0,3e-05,7e-05,-1.0,1.0,1e-12
126,search_126,1,success,17501.022986888885,0.0007,0.0006,11.7,14.0,13.0,13.0,4e-05,3e-05,-1.0,1.0,1e-12
127,search_127,1,success,17501.201869010925,0.0007,0.0006,11.7,14.0,13.0,14.0,4e-05,3e-05,-1.0,1.0,1e-12
128,search_128,1,success,17333.443392038345,0.0007,0.0006,11.7,14.0,13.0,15.0,4e-05,3e-05,-1.0,1.0,1e-12
129,search_129,1,success,17303.2708029747,0.0007,0.0006,11.7,14.0,13.0,16.0,4e-05,3e-05,-1.0,1.0,1e-12
130,search_130,1,success,17328.065366744995,0.0007,0.0006,11.7,14.0,13.0,17.0,4e-05,3e-05,-1.0,1.0,1e-12
131,search_131,1,success,17818.15269088745,0.0007,0.0006,11.7,14.0,14.0,13.0,4e-05,3e-05,-1.0,1.0,1e-12
132,search_132,1,success,17671.229102134705,0.0007,0.0006,11.7,14.0,14.0,14.0,4e-05,3e-05,-1.0,1.0,1e-12
133,search_133,1,success,17529.762445926666,0.0007,0.0006,11.7,14.0,14.0,15.0,4e-05,3e-05,-1.0,1.0,1e-12
134,search_134,1,success,17475.14562892914,0.0007,0.0006,11.7,14.0,14.0,16.0,4e-05,3e-05,-1.0,1.0,1e-12
135,search_135,1,success,17347.74769616127,0.0007,0.0006,11.7,14.0,14.0,17.0,4e-05,3e-05,-1.0,1.0,1e-12
136,search_136,1,success,17971.259829998016,0.0007,0.0006,11.7,14.0,15.0,13.0,4e-05,3e-05,-1.0,1.0,1e-12
137,search_137,1,success,17851.765903949738,0.0007,0.0006,11.7,14.0,15.0,14.0,4e-05,3e-05,-1.0,1.0,1e-12
138,search_138,1,success,17838.527676820755,0.0007,0.0006,11.7,14.0,15.0,15.0,4e-05,3e-05,-1.0,1.0,1e-12
139,search_139,1,success,17741.074099063873,0.0007,0.0006,11.7,14.0,15.0,16.0,4e-05,3e-05,-1.0,1.0,1e-12
140,search_140,1,success,17545.229261875153,0.0007,0.0006,11.7,14.0,15.0,17.0,4e-05,3e-05,-1.0,1.0,1e-12
141,search_141,1,success,17950.453830957413,0.0007,0.0006,11.7,14.0,16.0,13.0,4e-05,3e-05,-1.0,1.0,1e-12
142,search_142,1,success,17731.661694288254,0.0007,0.0006,11.7,14.0,16.0,14.0,4e-05,3e-05,-1.0,1.0,1e-12
143,search_143,1,success,17822.417912960052,0.0007,0.0006,11.7,14.0,16.0,15.0,4e-05,3e-05,-1.0,1.0,1e-12
144,search_144,1,success,17692.679464817047,0.0007,0.0006,11.7,14.0,16.0,16.0,4e-05,3e-05,-1.0,1.0,1e-12
145,search_145,1,success,17674.601387023926,0.0007,0.0006,11.7,14.0,16.0,17.0,4e-05,3e-05,-1.0,1.0,1e-12
146,search_146,1,success,18048.34507393837,0.0007,0.0006,11.7,14.0,17.0,13.0,4e-05,3e-05,-1.0,1.0,1e-12
147,search_147,1,success,17975.614186286926,0.0007,0.0006,11.7,14.0,17.0,14.0,4e-05,3e-05,-1.0,1.0,1e-12
148,search_148,1,success,17900.32390499115,0.0007,0.0006,11.7,14.0,17.0,15.0,4e-05,3e-05,-1.0,1.0,1e-12
149,search_149,1,success,17903.94832611084,0.0007,0.0006,11.7,14.0,17.0,16.0,4e-05,3e-05,-1.0,1.0,1e-12
150,search_150,1,success,17870.772336244583,0.0007,0.0006,11.7,14.0,17.0,17.0,4e-05,3e-05,-1.0,1.0,1e-12
151,search_151,1,success,17502.399811029434,0.0007,0.0006,11.7,14.0,13.0,13.0,4e-05,4e-05,-1.0,1.0,1e-12
152,search_152,1,success,17273.48196697235,0.0007,0.0006,11.7,14.0,13.0,14.0,4e-05,4e-05,-1.0,1.0,1e-12
153,search_153,1,success,17125.090427160263,0.0007,0.0006,11.7,14.0,13.0,15.0,4e-05,4e-05,-1.0,1.0,1e-12
154,search_154,1,success,16969.07013607025,0.0007,0.0006,11.7,14.0,13.0,16.0,4e-05,4e-05,-1.0,1.0,1e-12
155,search_155,1,success,16617.725910186768,0.0007,0.0006,11.7,14.0,13.0,17.0,4e-05,4e-05,-1.0,1.0,1e-12
156,search_156,1,success,17368.628056049347,0.0007,0.0006,11.7,14.0,14.0,13.0,4e-05,4e-05,-1.0,1.0,1e-12
157,search_157,1,success,17247.882921218872,0.0007,0.0006,11.7,14.0,14.0,14.0,4e-05,4e-05,-1.0,1.0,1e-12
158,search_158,1,success,17173.548973083496,0.0007,0.0006,11.7,14.0,14.0,15.0,4e-05,4e-05,-1.0,1.0,1e-12
159,search_159,1,success,17114.848530054092,0.0007,0.0006,11.7,14.0,14.0,16.0,4e-05,4e-05,-1.0,1.0,1e-12
160,search_160,1,success,16949.80464696884,0.0007,0.0006,11.7,14.0,14.0,17.0,4e-05,4e-05,-1.0,1.0,1e-12
161,search_161,1,success,17575.46284222603,0.0007,0.0006,11.7,14.0,15.0,13.0,4e-05,4e-05,-1.0,1.0,1e-12
162,search_162,1,success,17322.50347685814,0.0007,0.0006,11.7,14.0,15.0,14.0,4e-05,4e-05,-1.0,1.0,1e-12
163,search_163,1,success,17289.920345783234,0.0007,0.0006,11.7,14.0,15.0,15.0,4e-05,4e-05,-1.0,1.0,1e-12
164,search_164,1,success,17177.02968096733,0.0007,0.0006,11.7,14.0,15.0,16.0,4e-05,4e-05,-1.0,1.0,1e-12
165,search_165,1,success,17013.520844221115,0.0007,0.0006,11.7,14.0,15.0,17.0,4e-05,4e-05,-1.0,1.0,1e-12
166,search_166,1,success,17699.27316904068,0.0007,0.0006,11.7,14.0,16.0,13.0,4e-05,4e-05,-1.0,1.0,1e-12
167,search_167,1,success,17557.787523031235,0.0007,0.0006,11.7,14.0,16.0,14.0,4e-05,4e-05,-1.0,1.0,1e-12
168,search_168,1,success,17349.999235868454,0.0007,0.0006,11.7,14.0,16.0,15.0,4e-05,4e-05,-1.0,1.0,1e-12
169,search_169,1,success,17072.755705833435,0.0007,0.0006,11.7,14.0,16.0,16.0,4e-05,4e-05,-1.0,1.0,1e-12
170,search_170,1,success,17052.10147690773,0.0007,0.0006,11.7,14.0,16.0,17.0,4e-05,4e-05,-1.0,1.0,1e-12
171,search_171,1,success,17451.11523294449,0.0007,0.0006,11.7,14.0,17.0,13.0,4e-05,4e-05,-1.0,1.0,1e-12
172,search_172,1,success,17335.538868904114,0.0007,0.0006,11.7,14.0,17.0,14.0,4e-05,4e-05,-1.0,1.0,1e-12
173,search_173,1,success,17445.740749120712,0.0007,0.0006,11.7,14.0,17.0,15.0,4e-05,4e-05,-1.0,1.0,1e-12
174,search_174,1,success,17248.93567609787,0.0007,0.0006,11.7,14.0,17.0,16.0,4e-05,4e-05,-1.0,1.0,1e-12
175,search_175,1,success,17109.46489715576,0.0007,0.0006,11.7,14.0,17.0,17.0,4e-05,4e-05,-1.0,1.0,1e-12
176,search_176,1,success,16797.150952100754,0.0007,0.0006,11.7,14.0,13.0,13.0,4e-05,5e-05,-1.0,1.0,1e-12
177,search_177,1,success,16731.096128940582,0.0007,0.0006,11.7,14.0,13.0,14.0,4e-05,5e-05,-1.0,1.0,1e-12
178,search_178,1,success,16609.846795082092,0.0007,0.0006,11.7,14.0,13.0,15.0,4e-05,5e-05,-1.0,1.0,1e-12
179,search_179,1,success,16561.536413908005,0.0007,0.0006,11.7,14.0,13.0,16.0,4e-05,5e-05,-1.0,1.0,1e-12
180,search_180,1,success,16545.89245915413,0.0007,0.0006,11.7,14.0,13.0,17.0,4e-05,5e-05,-1.0,1.0,1e-12
181,search_181,1,success,16867.968913793564,0.0007,0.0006,11.7,14.0,14.0,13.0,4e-05,5e-05,-1.0,1.0,1e-12
182,search_182,1,success,16911.386448144913,0.0007,0.0006,11.7,14.0,14.0,14.0,4e-05,5e-05,-1.0,1.0,1e-12
183,search_183,1,success,16533.41196703911,0.0007,0.0006,11.7,14.0,14.0,15.0,4e-05,5e-05,-1.0,1.0,1e-12
184,search_184,1,success,16499.438405275345,0.0007,0.0006,11.7,14.0,14.0,16.0,4e-05,5e-05,-1.0,1.0,1e-12
185,search_185,1,success,16508.34229516983,0.0007,0.0006,11.7,14.0,14.0,17.0,4e-05,5e-05,-1.0,1.0,1e-12
186,search_186,1,success,16967.816097021103,0.0007,0.0006,11.7,14.0,15.0,13.0,4e-05,5e-05,-1.0,1.0,1e-12
187,search_187,1,success,16733.580012083054,0.0007,0.0006,11.7,14.0,15.0,14.0,4e-05,5e-05,-1.0,1.0,1e-12
188,search_188,1,success,16780.201335906982,0.0007,0.0006,11.7,14.0,15.0,15.0,4e-05,5e-05,-1.0,1.0,1e-12
189,search_189,1,success,16706.51440000534,0.0007,0.0006,11.7,14.0,15.0,16.0,4e-05,5e-05,-1.0,1.0,1e-12
190,search_190,1,success,16628.08278799057,0.0007,0.0006,11.7,14.0,15.0,17.0,4e-05,5e-05,-1.0,1.0,1e-12
191,search_191,1,success,17146.937042951584,0.0007,0.0006,11.7,14.0,16.0,13.0,4e-05,5e-05,-1.0,1.0,1e-12
192,search_192,1,success,16983.858742952347,0.0007,0.0006,11.7,14.0,16.0,14.0,4e-05,5e-05,-1.0,1.0,1e-12
193,search_193,1,success,16783.71498799324,0.0007,0.0006,11.7,14.0,16.0,15.0,4e-05,5e-05,-1.0,1.0,1e-12
194,search_194,1,success,16735.50364303589,0.0007,0.0006,11.7,14.0,16.0,16.0,4e-05,5e-05,-1.0,1.0,1e-12
195,search_195,1,success,16676.671645879745,0.0007,0.0006,11.7,14.0,16.0,17.0,4e-05,5e-05,-1.0,1.0,1e-12
196,search_196,1,success,17348.077007055283,0.0007,0.0006,11.7,14.0,17.0,13.0,4e-05,5e-05,-1.0,1.0,1e-12
197,search_197,1,success,16915.219689130783,0.0007,0.0006,11.7,14.0,17.0,14.0,4e-05,5e-05,-1.0,1.0,1e-12
198,search_198,1,success,16883.88418698311,0.0007,0.0006,11.7,14.0,17.0,15.0,4e-05,5e-05,-1.0,1.0,1e-12
199,search_199,1,success,16785.00039625168,0.0007,0.0006,11.7,14.0,17.0,16.0,4e-05,5e-05,-1.0,1.0,1e-12
200,search_200,1,success,16794.059009075165,0.0007,0.0006,11.7,14.0,17.0,17.0,4e-05,5e-05,-1.0,1.0,1e-12
201,search_201,1,success,16353.706999778748,0.0007,0.0006,11.7,14.0,13.0,13.0,4e-05,6e-05,-1.0,1.0,1e-12
202,search_202,1,success,16387.433480978012,0.0007,0.0006,11.7,14.0,13.0,14.0,4e-05,6e-05,-1.0,1.0,1e-12
203,search_203,1,success,16378.346436023712,0.0007,0.0006,11.7,14.0,13.0,15.0,4e-05,6e-05,-1.0,1.0,1e-12
204,search_204,1,success,16324.560809850693,0.0007,0.0006,11.7,14.0,13.0,16.0,4e-05,6e-05,-1.0,1.0,1e-12
205,search_205,1,success,16344.266571044922,0.0007,0.0006,11.7,14.0,13.0,17.0,4e-05,6e-05,-1.0,1.0,1e-12
206,search_206,1,success,16507.884499788284,0.0007,0.0006,11.7,14.0,14.0,13.0,4e-05,6e-05,-1.0,1.0,1e-12
207,search_207,1,success,16493.07857608795,0.0007,0.0006,11.7,14.0,14.0,14.0,4e-05,6e-05,-1.0,1.0,1e-12
208,search_208,1,success,16610.649488925934,0.0007,0.0006,11.7,14.0,14.0,15.0,4e-05,6e-05,-1.0,1.0,1e-12
209,search_209,1,success,16356.815848827362,0.0007,0.0006,11.7,14.0,14.0,16.0,4e-05,6e-05,-1.0,1.0,1e-12
210,search_210,1,success,16407.891546964645,0.0007,0.0006,11.7,14.0,14.0,17.0,4e-05,6e-05,-1.0,1.0,1e-12
211,search_211,1,success,16648.530339241028,0.0007,0.0006,11.7,14.0,15.0,13.0,4e-05,6e-05,-1.0,1.0,1e-12
212,search_212,1,success,16591.099648952484,0.0007,0.0006,11.7,14.0,15.0,14.0,4e-05,6e-05,-1.0,1.0,1e-12
213,search_213,1,success,16507.385976076126,0.0007,0.0006,11.7,14.0,15.0,15.0,4e-05,6e-05,-1.0,1.0,1e-12
214,search_214,1,success,16480.0462577343,0.0007,0.0006,11.7,14.0,15.0,16.0,4e-05,6e-05,-1.0,1.0,1e-12
215,search_215,1,success,16418.98117685318,0.0007,0.0006,11.7,14.0,15.0,17.0,4e-05,6e-05,-1.0,1.0,1e-12
216,search_216,1,success,16834.769172906876,0.0007,0.0006,11.7,14.0,16.0,13.0,4e-05,6e-05,-1.0,1.0,1e-12
217,search_217,1,success,16710.63776397705,0.0007,0.0006,11.7,14.0,16.0,14.0,4e-05,6e-05,-1.0,1.0,1e-12
218,search_218,1,success,16654.05992293358,0.0007,0.0006,11.7,14.0,16.0,15.0,4e-05,6e-05,-1.0,1.0,1e-12
219,search_219,1,success,16536.353879213333,0.0007,0.0006,11.7,14.0,16.0,16.0,4e-05,6e-05,-1.0,1.0,1e-12
220,search_220,1,success,16493.117266893387,0.0007,0.0006,11.7,14.0,16.0,17.0,4e-05,6e-05,-1.0,1.0,1e-12
221,search_221,1,success,16993.369639873505,0.0007,0.0006,11.7,14.0,17.0,13.0,4e-05,6e-05,-1.0,1.0,1e-12
222,search_222,1,success,16924.91296315193,0.0007,0.0006,11.7,14.0,17.0,14.0,4e-05,6e-05,-1.0,1.0,1e-12
223,search_223,1,success,16750.937165021896,0.0007,0.0006,11.7,14.0,17.0,15.0,4e-05,6e-05,-1.0,1.0,1e-12
224,search_224,1,success,16666.10876584053,0.0007,0.0006,11.7,14.0,17.0,16.0,4e-05,6e-05,-1.0,1.0,1e-12
225,search_225,1,success,16395.67850089073,0.0007,0.0006,11.7,14.0,17.0,17.0,4e-05,6e-05,-1.0,1.0,1e-12
226,search_226,1,success,16368.987355232239,0.0007,0.0006,11.7,14.0,13.0,13.0,4e-05,7e-05,-1.0,1.0,1e-12
227,search_227,1,success,16301.535393238068,0.0007,0.0006,11.7,14.0,13.0,14.0,4e-05,7e-05,-1.0,1.0,1e-12
228,search_228,1,success,16189.16142487526,0.0007,0.0006,11.7,14.0,13.0,15.0,4e-05,7e-05,-1.0,1.0,1e-12
229,search_229,1,success,16090.511556148529,0.0007,0.0006,11.7,14.0,13.0,16.0,4e-05,7e-05,-1.0,1.0,1e-12
230,search_230,1,success,16201.110978126526,0.0007,0.0006,11.7,14.0,13.0,17.0,4e-05,7e-05,-1.0,1.0,1e-12
231,search_231,1,success,16442.08889722824,0.0007,0.0006,11.7,14.0,14.0,13.0,4e-05,7e-05,-1.0,1.0,1e-12
232,search_232,1,success,16363.401614904404,0.0007,0.0006,11.7,14.0,14.0,14.0,4e-05,7e-05,-1.0,1.0,1e-12
233,search_233,1,success,16450.617758989334,0.0007,0.0006,11.7,14.0,14.0,15.0,4e-05,7e-05,-1.0,1.0,1e-12
234,search_234,1,success,16318.653966903687,0.0007,0.0006,11.7,14.0,14.0,16.0,4e-05,7e-05,-1.0,1.0,1e-12
235,search_235,1,success,16316.162549972534,0.0007,0.0006,11.7,14.0,14.0,17.0,4e-05,7e-05,-1.0,1.0,1e-12
236,search_236,1,success,16609.68537902832,0.0007,0.0006,11.7,14.0,15.0,13.0,4e-05,7e-05,-1.0,1.0,1e-12
237,search_237,1,success,16582.635127067566,0.0007,0.0006,11.7,14.0,15.0,14.0,4e-05,7e-05,-1.0,1.0,1e-12
238,search_238,1,success,16469.801681995392,0.0007,0.0006,11.7,14.0,15.0,15.0,4e-05,7e-05,-1.0,1.0,1e-12
239,search_239,1,success,16219.246076107025,0.0007,0.0006,11.7,14.0,15.0,16.0,4e-05,7e-05,-1.0,1.0,1e-12
240,search_240,1,success,16137.867656946182,0.0007,0.0006,11.7,14.0,15.0,17.0,4e-05,7e-05,-1.0,1.0,1e-12
241,search_241,1,success,16446.45549106598,0.0007,0.0006,11.7,14.0,16.0,13.0,4e-05,7e-05,-1.0,1.0,1e-12
242,search_242,1,success,16468.987824201584,0.0007,0.0006,11.7,14.0,16.0,14.0,4e-05,7e-05,-1.0,1.0,1e-12
243,search_243,1,success,16443.684391736984,0.0007,0.0006,11.7,14.0,16.0,15.0,4e-05,7e-05,-1.0,1.0,1e-12
244,search_244,1,success,16325.466955900192,0.0007,0.0006,11.7,14.0,16.0,16.0,4e-05,7e-05,-1.0,1.0,1e-12
245,search_245,1,success,16257.320501804352,0.0007,0.0006,11.7,14.0,16.0,17.0,4e-05,7e-05,-1.0,1.0,1e-12
246,search_246,1,success,16757.391546964645,0.0007,0.0006,11.7,14.0,17.0,13.0,4e-05,7e-05,-1.0,1.0,1e-12
247,search_247,1,success,16503.526147842407,0.0007,0.0006,11.7,14.0,17.0,14.0,4e-05,7e-05,-1.0,1.0,1e-12
248,search_248,1,success,16469.765387773514,0.0007,0.0006,11.7,14.0,17.0,15.0,4e-05,7e-05,-1.0,1.0,1e-12
249,search_249,1,success,16615.67056798935,0.0007,0.0006,11.7,14.0,17.0,16.0,4e-05,7e-05,-1.0,1.0,1e-12
250,search_250,1,success,16434.586947202682,0.0007,0.0006,11.7,14.0,17.0,17.0,4e-05,7e-05,-1.0,1.0,1e-12
251,search_251,1,success,18007.360393047333,0.0007,0.0006,11.7,14.0,13.0,13.0,5e-05,3e-05,-1.0,1.0,1e-12
252,search_252,1,success,17945.522752046585,0.0007,0.0006,11.7,14.0,13.0,14.0,5e-05,3e-05,-1.0,1.0,1e-12
253,search_253,1,success,17848.48834991455,0.0007,0.0006,11.7,14.0,13.0,15.0,5e-05,3e-05,-1.0,1.0,1e-12
254,search_254,1,success,17722.033876419067,0.0007,0.0006,11.7,14.0,13.0,16.0,5e-05,3e-05,-1.0,1.0,1e-12
255,search_255,1,success,17731.6716196537,0.0007,0.0006,11.7,14.0,13.0,17.0,5e-05,3e-05,-1.0,1.0,1e-12
256,search_256,1,success,18111.269605875015,0.0007,0.0006,11.7,14.0,14.0,13.0,5e-05,3e-05,-1.0,1.0,1e-12
257,search_257,1,success,18254.22413086891,0.0007,0.0006,11.7,14.0,14.0,14.0,5e-05,3e-05,-1.0,1.0,1e-12
258,search_258,1,success,18062.445912122726,0.0007,0.0006,11.7,14.0,14.0,15.0,5e-05,3e-05,-1.0,1.0,1e-12
259,search_259,1,success,17858.475641965866,0.0007,0.0006,11.7,14.0,14.0,16.0,5e-05,3e-05,-1.0,1.0,1e-12
260,search_260,1,success,17772.448066949844,0.0007,0.0006,11.7,14.0,14.0,17.0,5e-05,3e-05,-1.0,1.0,1e-12
261,search_261,1,success,18437.328693151474,0.0007,0.0006,11.7,14.0,15.0,13.0,5e-05,3e-05,-1.0,1.0,1e-12
262,search_262,1,success,18277.767737150192,0.0007,0.0006,11.7,14.0,15.0,14.0,5e-05,3e-05,-1.0,1.0,1e-12
263,search_263,1,success,18157.880197048187,0.0007,0.0006,11.7,14.0,15.0,15.0,5e-05,3e-05,-1.0,1.0,1e-12
264,search_264,1,success,18075.04450392723,0.0007,0.0006,11.7,14.0,15.0,16.0,5e-05,3e-05,-1.0,1.0,1e-12
265,search_265,1,success,17996.284658908844,0.0007,0.0006,11.7,14.0,15.0,17.0,5e-05,3e-05,-1.0,1.0,1e-12
266,search_266,1,success,18440.580876111984,0.0007,0.0006,11.7,14.0,16.0,13.0,5e-05,3e-05,-1.0,1.0,1e-12
267,search_267,1,success,18070.575309038162,0.0007,0.0006,11.7,14.0,16.0,14.0,5e-05,3e-05,-1.0,1.0,1e-12
268,search_268,1,success,18017.62469315529,0.0007,0.0006,11.7,14.0,16.0,15.0,5e-05,3e-05,-1.0,1.0,1e-12
269,search_269,1,success,18069.899923801422,0.0007,0.0006,11.7,14.0,16.0,16.0,5e-05,3e-05,-1.0,1.0,1e-12
270,search_270,1,success,17942.066876888275,0.0007,0.0006,11.7,14.0,16.0,17.0,5e-05,3e-05,-1.0,1.0,1e-12
271,search_271,1,success,18393.02953505516,0.0007,0.0006,11.7,14.0,17.0,13.0,5e-05,3e-05,-1.0,1.0,1e-12
272,search_272,1,success,18296.228598594666,0.0007,0.0006,11.7,14.0,17.0,14.0,5e-05,3e-05,-1.0,1.0,1e-12
273,search_273,1,success,18220.27316570282,0.0007,0.0006,11.7,14.0,17.0,15.0,5e-05,3e-05,-1.0,1.0,1e-12
274,search_274,1,success,18156.62811231613,0.0007,0.0006,11.7,14.0,17.0,16.0,5e-05,3e-05,-1.0,1.0,1e-12
275,search_275,1,success,18069.98383116722,0.0007,0.0006,11.7,14.0,17.0,17.0,5e-05,3e-05,-1.0,1.0,1e-12
276,search_276,1,success,17654.379431962967,0.0007,0.0006,11.7,14.0,13.0,13.0,5e-05,4e-05,-1.0,1.0,1e-12
277,search_277,1,success,17550.751450300217,0.0007,0.0006,11.7,14.0,13.0,14.0,5e-05,4e-05,-1.0,1.0,1e-12
278,search_278,1,success,17566.306620836258,0.0007,0.0006,11.7,14.0,13.0,15.0,5e-05,4e-05,-1.0,1.0,1e-12
279,search_279,1,success,17557.238125801086,0.0007,0.0006,11.7,14.0,13.0,16.0,5e-05,4e-05,-1.0,1.0,1e-12
280,search_280,1,success,17339.779406785965,0.0007,0.0006,11.7,14.0,13.0,17.0,5e-05,4e-05,-1.0,1.0,1e-12
281,search_281,1,success,17618.412356853485,0.0007,0.0006,11.7,14.0,14.0,13.0,5e-05,4e-05,-1.0,1.0,1e-12
282,search_282,1,success,17605.107021808624,0.0007,0.0006,11.7,14.0,14.0,14.0,5e-05,4e-05,-1.0,1.0,1e-12
283,search_283,1,success,17559.603066921234,0.0007,0.0006,11.7,14.0,14.0,15.0,5e-05,4e-05,-1.0,1.0,1e-12
284,search_284,1,success,17508.29648709297,0.0007,0.0006,11.7,14.0,14.0,16.0,5e-05,4e-05,-1.0,1.0,1e-12
285,search_285,1,success,17405.827266216278,0.0007,0.0006,11.7,14.0,14.0,17.0,5e-05,4e-05,-1.0,1.0,1e-12
286,search_286,1,success,17962.123564004898,0.0007,0.0006,11.7,14.0,15.0,13.0,5e-05,4e-05,-1.0,1.0,1e-12
287,search_287,1,success,17786.635176181793,0.0007,0.0006,11.7,14.0,15.0,14.0,5e-05,4e-05,-1.0,1.0,1e-12
288,search_288,1,success,17604.021846055984,0.0007,0.0006,11.7,14.0,15.0,15.0,5e-05,4e-05,-1.0,1.0,1e-12
289,search_289,1,success,17542.65589928627,0.0007,0.0006,11.7,14.0,15.0,16.0,5e-05,4e-05,-1.0,1.0,1e-12
290,search_290,1,success,17448.38494992256,0.0007,0.0006,11.7,14.0,15.0,17.0,5e-05,4e-05,-1.0,1.0,1e-12
291,search_291,1,success,17989.54048705101,0.0007,0.0006,11.7,14.0,16.0,13.0,5e-05,4e-05,-1.0,1.0,1e-12
292,search_292,1,success,17900.101007938385,0.0007,0.0006,11.7,14.0,16.0,14.0,5e-05,4e-05,-1.0,1.0,1e-12
293,search_293,1,success,17815.362998723984,0.0007,0.0006,11.7,14.0,16.0,15.0,5e-05,4e-05,-1.0,1.0,1e-12
294,search_294,1,success,17718.517998218536,0.0007,0.0006,11.7,14.0,16.0,16.0,5e-05,4e-05,-1.0,1.0,1e-12
295,search_295,1,success,17340.929055929184,0.0007,0.0006,11.7,14.0,16.0,17.0,5e-05,4e-05,-1.0,1.0,1e-12
296,search_296,1,success,17903.52246284485,0.0007,0.0006,11.7,14.0,17.0,13.0,5e-05,4e-05,-1.0,1.0,1e-12
297,search_297,1,success,17774.041950941086,0.0007,0.0006,11.7,14.0,17.0,14.0,5e-05,4e-05,-1.0,1.0,1e-12
298,search_298,1,success,17746.293903827667,0.0007,0.0006,11.7,14.0,17.0,15.0,5e-05,4e-05,-1.0,1.0,1e-12
299,search_299,1,success,17725.908792972565,0.0007,0.0006,11.7,14.0,17.0,16.0,5e-05,4e-05,-1.0,1.0,1e-12
300,search_300,1,success,17571.081593990326,0.0007,0.0006,11.7,14.0,17.0,17.0,5e-05,4e-05,-1.0,1.0,1e-12
301,search_301,1,success,17294.635446071625,0.0007,0.0006,11.7,14.0,13.0,13.0,5e-05,5e-05,-1.0,1.0,1e-12
302,search_302,1,success,17248.21847510338,0.0007,0.0006,11.7,14.0,13.0,14.0,5e-05,5e-05,-1.0,1.0,1e-12
303,search_303,1,success,16994.44621872902,0.0007,0.0006,11.7,14.0,13.0,15.0,5e-05,5e-05,-1.0,1.0,1e-12
304,search_304,1,success,16899.649042844772,0.0007,0.0006,11.7,14.0,13.0,16.0,5e-05,5e-05,-1.0,1.0,1e-12
305,search_305,1,success,16908.753170967102,0.0007,0.0006,11.7,14.0,13.0,17.0,5e-05,5e-05,-1.0,1.0,1e-12
306,search_306,1,success,17521.833997011185,0.0007,0.0006,11.7,14.0,14.0,13.0,5e-05,5e-05,-1.0,1.0,1e-12
307,search_307,1,success,17403.162249326706,0.0007,0.0006,11.7,14.0,14.0,14.0,5e-05,5e-05,-1.0,1.0,1e-12
308,search_308,1,success,17274.322856903076,0.0007,0.0006,11.7,14.0,14.0,15.0,5e-05,5e-05,-1.0,1.0,1e-12
309,search_309,1,success,16921.031211853027,0.0007,0.0006,11.7,14.0,14.0,16.0,5e-05,5e-05,-1.0,1.0,1e-12
310,search_310,1,success,16848.52093887329,0.0007,0.0006,11.7,14.0,14.0,17.0,5e-05,5e-05,-1.0,1.0,1e-12
311,search_311,1,success,17464.160549879074,0.0007,0.0006,11.7,14.0,15.0,13.0,5e-05,5e-05,-1.0,1.0,1e-12
312,search_312,1,success,17360.75105524063,0.0007,0.0006,11.7,14.0,15.0,14.0,5e-05,5e-05,-1.0,1.0,1e-12
313,search_313,1,success,17349.174741983414,0.0007,0.0006,11.7,14.0,15.0,15.0,5e-05,5e-05,-1.0,1.0,1e-12
314,search_314,1,success,17172.611771821976,0.0007,0.0006,11.7,14.0,15.0,16.0,5e-05,5e-05,-1.0,1.0,1e-12
315,search_315,1,success,17103.97340297699,0.0007,0.0006,11.7,14.0,15.0,17.0,5e-05,5e-05,-1.0,1.0,1e-12
316,search_316,1,success,17589.218638181686,0.0007,0.0006,11.7,14.0,16.0,13.0,5e-05,5e-05,-1.0,1.0,1e-12
317,search_317,1,success,17542.071715831757,0.0007,0.0006,11.7,14.0,16.0,14.0,5e-05,5e-05,-1.0,1.0,1e-12
318,search_318,1,success,17399.992472171783,0.0007,0.0006,11.7,14.0,16.0,15.0,5e-05,5e-05,-1.0,1.0,1e-12
319,search_319,1,success,17379.094460725784,0.0007,0.0006,11.7,14.0,16.0,16.0,5e-05,5e-05,-1.0,1.0,1e-12
320,search_320,1,success,17221.0260181427,0.0007,0.0006,11.7,14.0,16.0,17.0,5e-05,5e-05,-1.0,1.0,1e-12
321,search_321,1,success,17659.312711954117,0.0007,0.0006,11.7,14.0,17.0,13.0,5e-05,5e-05,-1.0,1.0,1e-12
322,search_322,1,success,17571.416983127594,0.0007,0.0006,11.7,14.0,17.0,14.0,5e-05,5e-05,-1.0,1.0,1e-12
323,search_323,1,success,17295.619983673096,0.0007,0.0006,11.7,14.0,17.0,15.0,5e-05,5e-05,-1.0,1.0,1e-12
324,search_324,1,success,17286.837733745575,0.0007,0.0006,11.7,14.0,17.0,16.0,5e-05,5e-05,-1.0,1.0,1e-12
325,search_325,1,success,17151.51780796051,0.0007,0.0006,11.7,14.0,17.0,17.0,5e-05,5e-05,-1.0,1.0,1e-12
326,search_326,1,success,16824.798023939133,0.0007,0.0006,11.7,14.0,13.0,13.0,5e-05,6e-05,-1.0,1.0,1e-12
327,search_327,1,success,16835.050106048584,0.0007,0.0006,11.7,14.0,13.0,14.0,5e-05,6e-05,-1.0,1.0,1e-12
328,search_328,1,success,16776.751899957657,0.0007,0.0006,11.7,14.0,13.0,15.0,5e-05,6e-05,-1.0,1.0,1e-12
329,search_329,1,success,16591.242250919342,0.0007,0.0006,11.7,14.0,13.0,16.0,5e-05,6e-05,-1.0,1.0,1e-12
330,search_330,1,success,16571.055557966232,0.0007,0.0006,11.7,14.0,13.0,17.0,5e-05,6e-05,-1.0,1.0,1e-12
331,search_331,1,success,17058.362258911133,0.0007,0.0006,11.7,14.0,14.0,13.0,5e-05,6e-05,-1.0,1.0,1e-12
332,search_332,1,success,16840.76461815834,0.0007,0.0006,11.7,14.0,14.0,14.0,5e-05,6e-05,-1.0,1.0,1e-12
333,search_333,1,success,16799.21309018135,0.0007,0.0006,11.7,14.0,14.0,15.0,5e-05,6e-05,-1.0,1.0,1e-12
334,search_334,1,success,16826.008913993835,0.0007,0.0006,11.7,14.0,14.0,16.0,5e-05,6e-05,-1.0,1.0,1e-12
335,search_335,1,success,16675.703401088715,0.0007,0.0006,11.7,14.0,14.0,17.0,5e-05,6e-05,-1.0,1.0,1e-12
336,search_336,1,success,17162.269903182983,0.0007,0.0006,11.7,14.0,15.0,13.0,5e-05,6e-05,-1.0,1.0,1e-12
337,search_337,1,success,16829.476817131042,0.0007,0.0006,11.7,14.0,15.0,14.0,5e-05,6e-05,-1.0,1.0,1e-12
338,search_338,1,success,16672.76721382141,0.0007,0.0006,11.7,14.0,15.0,15.0,5e-05,6e-05,-1.0,1.0,1e-12
339,search_339,1,success,16820.858116149902,0.0007,0.0006,11.7,14.0,15.0,16.0,5e-05,6e-05,-1.0,1.0,1e-12
340,search_340,1,success,16565.29331421852,0.0007,0.0006,11.7,14.0,15.0,17.0,5e-05,6e-05,-1.0,1.0,1e-12
341,search_341,1,success,17304.91831803322,0.0007,0.0006,11.7,14.0,16.0,13.0,5e-05,6e-05,-1.0,1.0,1e-12
342,search_342,1,success,17185.40319943428,0.0007,0.0006,11.7,14.0,16.0,14.0,5e-05,6e-05,-1.0,1.0,1e-12
343,search_343,1,success,16880.10508298874,0.0007,0.0006,11.7,14.0,16.0,15.0,5e-05,6e-05,-1.0,1.0,1e-12
344,search_344,1,success,16898.89298415184,0.0007,0.0006,11.7,14.0,16.0,16.0,5e-05,6e-05,-1.0,1.0,1e-12
345,search_345,1,success,16694.88391804695,0.0007,0.0006,11.7,14.0,16.0,17.0,5e-05,6e-05,-1.0,1.0,1e-12
346,search_346,1,success,17393.58899497986,0.0007,0.0006,11.7,14.0,17.0,13.0,5e-05,6e-05,-1.0,1.0,1e-12
347,search_347,1,success,17288.034692049026,0.0007,0.0006,11.7,14.0,17.0,14.0,5e-05,6e-05,-1.0,1.0,1e-12
348,search_348,1,success,17158.47962498665,0.0007,0.0006,11.7,14.0,17.0,15.0,5e-05,6e-05,-1.0,1.0,1e-12
349,search_349,1,success,17028.143897771835,0.0007,0.0006,11.7,14.0,17.0,16.0,5e-05,6e-05,-1.0,1.0,1e-12
350,search_350,1,success,16889.716285943985,0.0007,0.0006,11.7,14.0,17.0,17.0,5e-05,6e-05,-1.0,1.0,1e-12
351,search_351,1,success,16414.26487135887,0.0007,0.0006,11.7,14.0,13.0,13.0,5e-05,7e-05,-1.0,1.0,1e-12
352,search_352,1,success,16321.45920586586,0.0007,0.0006,11.7,14.0,13.0,14.0,5e-05,7e-05,-1.0,1.0,1e-12
353,search_353,1,success,16407.484534025192,0.0007,0.0006,11.7,14.0,13.0,15.0,5e-05,7e-05,-1.0,1.0,1e-12
354,search_354,1,success,16445.337282657623,0.0007,0.0006,11.7,14.0,13.0,16.0,5e-05,7e-05,-1.0,1.0,1e-12
355,search_355,1,success,16249.991959095001,0.0007,0.0006,11.7,14.0,13.0,17.0,5e-05,7e-05,-1.0,1.0,1e-12
356,search_356,1,success,16676.87109184265,0.0007,0.0006,11.7,14.0,14.0,13.0,5e-05,7e-05,-1.0,1.0,1e-12
357,search_357,1,success,16623.602570056915,0.0007,0.0006,11.7,14.0,14.0,14.0,5e-05,7e-05,-1.0,1.0,1e-12
358,search_358,1,success,16425.27180290222,0.0007,0.0006,11.7,14.0,14.0,15.0,5e-05,7e-05,-1.0,1.0,1e-12
359,search_359,1,success,16339.412055969238,0.0007,0.0006,11.7,14.0,14.0,16.0,5e-05,7e-05,-1.0,1.0,1e-12
360,search_360,1,success,16349.140748023987,0.0007,0.0006,11.7,14.0,14.0,17.0,5e-05,7e-05,-1.0,1.0,1e-12
361,search_361,1,success,16769.69005870819,0.0007,0.0006,11.7,14.0,15.0,13.0,5e-05,7e-05,-1.0,1.0,1e-12
362,search_362,1,success,16684.434986114502,0.0007,0.0006,11.7,14.0,15.0,14.0,5e-05,7e-05,-1.0,1.0,1e-12
363,search_363,1,success,16642.423488140106,0.0007,0.0006,11.7,14.0,15.0,15.0,5e-05,7e-05,-1.0,1.0,1e-12
364,search_364,1,success,16497.113320827484,0.0007,0.0006,11.7,14.0,15.0,16.0,5e-05,7e-05,-1.0,1.0,1e-12
365,search_365,1,success,16442.299388885498,0.0007,0.0006,11.7,14.0,15.0,17.0,5e-05,7e-05,-1.0,1.0,1e-12
366,search_366,1,success,16923.9257478714,0.0007,0.0006,11.7,14.0,16.0,13.0,5e-05,7e-05,-1.0,1.0,1e-12
367,search_367,1,success,16897.751829862595,0.0007,0.0006,11.7,14.0,16.0,14.0,5e-05,7e-05,-1.0,1.0,1e-12
368,search_368,1,success,16882.389897108078,0.0007,0.0006,11.7,14.0,16.0,15.0,5e-05,7e-05,-1.0,1.0,1e-12
369,search_369,1,success,16760.85108780861,0.0007,0.0006,11.7,14.0,16.0,16.0,5e-05,7e-05,-1.0,1.0,1e-12
370,search_370,1,success,16636.07289505005,0.0007,0.0006,11.7,14.0,16.0,17.0,5e-05,7e-05,-1.0,1.0,1e-12
371,search_371,1,success,17174.572510242462,0.0007,0.0006,11.7,14.0,17.0,13.0,5e-05,7e-05,-1.0,1.0,1e-12
372,search_372,1,success,17172.831216812134,0.0007,0.0006,11.7,14.0,17.0,14.0,5e-05,7e-05,-1.0,1.0,1e-12
373,search_373,1,success,16937.048692941666,0.0007,0.0006,11.7,14.0,17.0,15.0,5e-05,7e-05,-1.0,1.0,1e-12
374,search_374,1,success,16998.837553024292,0.0007,0.0006,11.7,14.0,17.0,16.0,5e-05,7e-05,-1.0,1.0,1e-12
375,search_375,1,success,16823.620676994324,0.0007,0.0006,11.7,14.0,17.0,17.0,5e-05,7e-05,-1.0,1.0,1e-12
376,search_376,1,success,18359.12841105461,0.0007,0.0006,11.7,14.0,13.0,13.0,6e-05,3e-05,-1.0,1.0,1e-12
377,search_377,1,success,18286.10614180565,0.0007,0.0006,11.7,14.0,13.0,14.0,6e-05,3e-05,-1.0,1.0,1e-12
378,search_378,1,success,18326.58100914955,0.0007,0.0006,11.7,14.0,13.0,15.0,6e-05,3e-05,-1.0,1.0,1e-12
379,search_379,1,success,18201.115735054016,0.0007,0.0006,11.7,14.0,13.0,16.0,6e-05,3e-05,-1.0,1.0,1e-12
380,search_380,1,success,18195.777349233627,0.0007,0.0006,11.7,14.0,13.0,17.0,6e-05,3e-05,-1.0,1.0,1e-12
381,search_381,1,success,18698.93922829628,0.0007,0.0006,11.7,14.0,14.0,13.0,6e-05,3e-05,-1.0,1.0,1e-12
382,search_382,1,success,18553.44034385681,0.0007,0.0006,11.7,14.0,14.0,14.0,6e-05,3e-05,-1.0,1.0,1e-12
383,search_383,1,success,18460.688673973083,0.0007,0.0006,11.7,14.0,14.0,15.0,6e-05,3e-05,-1.0,1.0,1e-12
384,search_384,1,success,18444.162650108337,0.0007,0.0006,11.7,14.0,14.0,16.0,6e-05,3e-05,-1.0,1.0,1e-12
385,search_385,1,success,18372.510767936707,0.0007,0.0006,11.7,14.0,14.0,17.0,6e-05,3e-05,-1.0,1.0,1e-12
386,search_386,1,success,18672.618677854538,0.0007,0.0006,11.7,14.0,15.0,13.0,6e-05,3e-05,-1.0,1.0,1e-12
387,search_387,1,success,18742.90268588066,0.0007,0.0006,11.7,14.0,15.0,14.0,6e-05,3e-05,-1.0,1.0,1e-12
388,search_388,1,success,18594.477297067642,0.0007,0.0006,11.7,14.0,15.0,15.0,6e-05,3e-05,-1.0,1.0,1e-12
389,search_389,1,success,18547.70610499382,0.0007,0.0006,11.7,14.0,15.0,16.0,6e-05,3e-05,-1.0,1.0,1e-12
390,search_390,1,success,18462.88955116272,0.0007,0.0006,11.7,14.0,15.0,17.0,6e-05,3e-05,-1.0,1.0,1e-12
391,search_391,1,success,18865.405742883682,0.0007,0.0006,11.7,14.0,16.0,13.0,6e-05,3e-05,-1.0,1.0,1e-12
392,search_392,1,success,18778.89284992218,0.0007,0.0006,11.7,14.0,16.0,14.0,6e-05,3e-05,-1.0,1.0,1e-12
393,search_393,1,success,18661.95947098732,0.0007,0.0006,11.7,14.0,16.0,15.0,6e-05,3e-05,-1.0,1.0,1e-12
394,search_394,1,success,18626.03852081299,0.0007,0.0006,11.7,14.0,16.0,16.0,6e-05,3e-05,-1.0,1.0,1e-12
395,search_395,1,success,18662.76824426651,0.0007,0.0006,11.7,14.0,16.0,17.0,6e-05,3e-05,-1.0,1.0,1e-12
396,search_396,1,success,18912.69729423523,0.0007,0.0006,11.7,14.0,17.0,13.0,6e-05,3e-05,-1.0,1.0,1e-12
397,search_397,1,success,18894.89619898796,0.0007,0.0006,11.7,14.0,17.0,14.0,6e-05,3e-05,-1.0,1.0,1e-12
398,search_398,1,success,18927.513556957245,0.0007,0.0006,11.7,14.0,17.0,15.0,6e-05,3e-05,-1.0,1.0,1e-12
399,search_399,1,success,18725.35161805153,0.0007,0.0006,11.7,14.0,17.0,16.0,6e-05,3e-05,-1.0,1.0,1e-12
400,search_400,1,success,18598.807012081146,0.0007,0.0006,11.7,14.0,17.0,17.0,6e-05,3e-05,-1.0,1.0,1e-12
401,search_401,1,success,18367.702411174774,0.0007,0.0006,11.7,14.0,13.0,13.0,6e-05,4e-05,-1.0,1.0,1e-12
402,search_402,1,success,18189.225692033768,0.0007,0.0006,11.7,14.0,13.0,14.0,6e-05,4e-05,-1.0,1.0,1e-12
403,search_403,1,success,18094.067739009857,0.0007,0.0006,11.7,14.0,13.0,15.0,6e-05,4e-05,-1.0,1.0,1e-12
404,search_404,1,success,18063.936414003372,0.0007,0.0006,11.7,14.0,13.0,16.0,6e-05,4e-05,-1.0,1.0,1e-12
405,search_405,1,success,18007.115683078766,0.0007,0.0006,11.7,14.0,13.0,17.0,6e-05,4e-05,-1.0,1.0,1e-12
406,search_406,1,success,18575.756206035614,0.0007,0.0006,11.7,14.0,14.0,13.0,6e-05,4e-05,-1.0,1.0,1e-12
407,search_407,1,success,18044.909472942352,0.0007,0.0006,11.7,14.0,14.0,14.0,6e-05,4e-05,-1.0,1.0,1e-12
408,search_408,1,success,17995.97411584854,0.0007,0.0006,11.7,14.0,14.0,15.0,6e-05,4e-05,-1.0,1.0,1e-12
409,search_409,1,success,18106.551910161972,0.0007,0.0006,11.7,14.0,14.0,16.0,6e-05,4e-05,-1.0,1.0,1e-12
410,search_410,1,success,17915.187367916107,0.0007,0.0006,11.7,14.0,14.0,17.0,6e-05,4e-05,-1.0,1.0,1e-12
411,search_411,1,success,18426.14899468422,0.0007,0.0006,11.7,14.0,15.0,13.0,6e-05,4e-05,-1.0,1.0,1e-12
412,search_412,1,success,18443.10332107544,0.0007,0.0006,11.7,14.0,15.0,14.0,6e-05,4e-05,-1.0,1.0,1e-12
413,search_413,1,success,18248.095729351044,0.0007,0.0006,11.7,14.0,15.0,15.0,6e-05,4e-05,-1.0,1.0,1e-12
414,search_414,1,success,18249.349019765854,0.0007,0.0006,11.7,14.0,15.0,16.0,6e-05,4e-05,-1.0,1.0,1e-12
415,search_415,1,success,18002.549602985382,0.0007,0.0006,11.7,14.0,15.0,17.0,6e-05,4e-05,-1.0,1.0,1e-12
416,search_416,1,success,18519.333362817764,0.0007,0.0006,11.7,14.0,16.0,13.0,6e-05,4e-05,-1.0,1.0,1e-12
417,search_417,1,success,18526.99287223816,0.0007,0.0006,11.7,14.0,16.0,14.0,6e-05,4e-05,-1.0,1.0,1e-12
418,search_418,1,success,18382.604874134064,0.0007,0.0006,11.7,14.0,16.0,15.0,6e-05,4e-05,-1.0,1.0,1e-12
419,search_419,1,success,18262.445752859116,0.0007,0.0006,11.7,14.0,16.0,16.0,6e-05,4e-05,-1.0,1.0,1e-12
420,search_420,1,success,18394.166745185852,0.0007,0.0006,11.7,14.0,16.0,17.0,6e-05,4e-05,-1.0,1.0,1e-12
421,search_421,1,success,18640.628199100494,0.0007,0.0006,11.7,14.0,17.0,13.0,6e-05,4e-05,-1.0,1.0,1e-12
422,search_422,1,success,18610.22320008278,0.0007,0.0006,11.7,14.0,17.0,14.0,6e-05,4e-05,-1.0,1.0,1e-12
423,search_423,1,success,18574.58552479744,0.0007,0.0006,11.7,14.0,17.0,15.0,6e-05,4e-05,-1.0,1.0,1e-12
424,search_424,1,success,18483.562163114548,0.0007,0.0006,11.7,14.0,17.0,16.0,6e-05,4e-05,-1.0,1.0,1e-12
425,search_425,1,success,18399.250402212143,0.0007,0.0006,11.7,14.0,17.0,17.0,6e-05,4e-05,-1.0,1.0,1e-12
426,search_426,1,success,18142.504599809647,0.0007,0.0006,11.7,14.0,13.0,13.0,6e-05,5e-05,-1.0,1.0,1e-12
427,search_427,1,success,18057.6255300045,0.0007,0.0006,11.7,14.0,13.0,14.0,6e-05,5e-05,-1.0,1.0,1e-12
428,search_428,1,success,17879.26644897461,0.0007,0.0006,11.7,14.0,13.0,15.0,6e-05,5e-05,-1.0,1.0,1e-12
429,search_429,1,success,17848.810517072678,0.0007,0.0006,11.7,14.0,13.0,16.0,6e-05,5e-05,-1.0,1.0,1e-12
430,search_430,1,success,17660.184262037277,0.0007,0.0006,11.7,14.0,13.0,17.0,6e-05,5e-05,-1.0,1.0,1e-12
431,search_431,1,success,18280.340569972992,0.0007,0.0006,11.7,14.0,14.0,13.0,6e-05,5e-05,-1.0,1.0,1e-12
432,search_432,1,success,18079.895277261734,0.0007,0.0006,11.7,14.0,14.0,14.0,6e-05,5e-05,-1.0,1.0,1e-12
433,search_433,1,success,18085.874047994614,0.0007,0.0006,11.7,14.0,14.0,15.0,6e-05,5e-05,-1.0,1.0,1e-12
434,search_434,1,success,17614.408860206604,0.0007,0.0006,11.7,14.0,14.0,16.0,6e-05,5e-05,-1.0,1.0,1e-12
435,search_435,1,success,17205.831341981888,0.0007,0.0006,11.7,14.0,14.0,17.0,6e-05,5e-05,-1.0,1.0,1e-12
436,search_436,1,success,17656.673323869705,0.0007,0.0006,11.7,14.0,15.0,13.0,6e-05,5e-05,-1.0,1.0,1e-12
437,search_437,1,success,17733.117474079132,0.0007,0.0006,11.7,14.0,15.0,14.0,6e-05,5e-05,-1.0,1.0,1e-12
438,search_438,1,success,17679.30567574501,0.0007,0.0006,11.7,14.0,15.0,15.0,6e-05,5e-05,-1.0,1.0,1e-12
439,search_439,1,success,17391.034148216248,0.0007,0.0006,11.7,14.0,15.0,16.0,6e-05,5e-05,-1.0,1.0,1e-12
440,search_440,1,success,17485.616246938705,0.0007,0.0006,11.7,14.0,15.0,17.0,6e-05,5e-05,-1.0,1.0,1e-12
441,search_441,1,success,17939.491374015808,0.0007,0.0006,11.7,14.0,16.0,13.0,6e-05,5e-05,-1.0,1.0,1e-12
442,search_442,1,success,17807.089812994003,0.0007,0.0006,11.7,14.0,16.0,14.0,6e-05,5e-05,-1.0,1.0,1e-12
443,search_443,1,success,17615.710132837296,0.0007,0.0006,11.7,14.0,16.0,15.0,6e-05,5e-05,-1.0,1.0,1e-12
444,search_444,1,success,17581.957201957703,0.0007,0.0006,11.7,14.0,16.0,16.0,6e-05,5e-05,-1.0,1.0,1e-12
445,search_445,1,success,17689.498279094696,0.0007,0.0006,11.7,14.0,16.0,17.0,6e-05,5e-05,-1.0,1.0,1e-12
446,search_446,1,success,17970.688867092133,0.0007,0.0006,11.7,14.0,17.0,13.0,6e-05,5e-05,-1.0,1.0,1e-12
447,search_447,1,success,17776.528317928314,0.0007,0.0006,11.7,14.0,17.0,14.0,6e-05,5e-05,-1.0,1.0,1e-12
448,search_448,1,success,17703.604488134384,0.0007,0.0006,11.7,14.0,17.0,15.0,6e-05,5e-05,-1.0,1.0,1e-12
449,search_449,1,success,17452.3347966671,0.0007,0.0006,11.7,14.0,17.0,16.0,6e-05,5e-05,-1.0,1.0,1e-12
450,search_450,1,success,17449.43343615532,0.0007,0.0006,11.7,14.0,17.0,17.0,6e-05,5e-05,-1.0,1.0,1e-12
451,search_451,1,success,17293.525712013245,0.0007,0.0006,11.7,14.0,13.0,13.0,6e-05,6e-05,-1.0,1.0,1e-12
452,search_452,1,success,17175.54992723465,0.0007,0.0006,11.7,14.0,13.0,14.0,6e-05,6e-05,-1.0,1.0,1e-12
453,search_453,1,success,17028.279218912125,0.0007,0.0006,11.7,14.0,13.0,15.0,6e-05,6e-05,-1.0,1.0,1e-12
454,search_454,1,success,16914.62581014633,0.0007,0.0006,11.7,14.0,13.0,16.0,6e-05,6e-05,-1.0,1.0,1e-12
455,search_455,1,success,16720.5307199955,0.0007,0.0006,11.7,14.0,13.0,17.0,6e-05,6e-05,-1.0,1.0,1e-12
456,search_456,1,success,17459.530291080475,0.0007,0.0006,11.7,14.0,14.0,13.0,6e-05,6e-05,-1.0,1.0,1e-12
457,search_457,1,success,17360.824512004852,0.0007,0.0006,11.7,14.0,14.0,14.0,6e-05,6e-05,-1.0,1.0,1e-12
458,search_458,1,success,17098.35712313652,0.0007,0.0006,11.7,14.0,14.0,15.0,6e-05,6e-05,-1.0,1.0,1e-12
459,search_459,1,success,17111.69162416458,0.0007,0.0006,11.7,14.0,14.0,16.0,6e-05,6e-05,-1.0,1.0,1e-12
460,search_460,1,success,17014.639796972275,0.0007,0.0006,11.7,14.0,14.0,17.0,6e-05,6e-05,-1.0,1.0,1e-12
461,search_461,1,success,17682.306663274765,0.0007,0.0006,11.7,14.0,15.0,13.0,6e-05,6e-05,-1.0,1.0,1e-12
462,search_462,1,success,17657.65049982071,0.0007,0.0006,11.7,14.0,15.0,14.0,6e-05,6e-05,-1.0,1.0,1e-12
463,search_463,1,success,17317.571146011353,0.0007,0.0006,11.7,14.0,15.0,15.0,6e-05,6e-05,-1.0,1.0,1e-12
464,search_464,1,success,17251.72608399391,0.0007,0.0006,11.7,14.0,15.0,16.0,6e-05,6e-05,-1.0,1.0,1e-12
465,search_465,1,success,17252.997083187103,0.0007,0.0006,11.7,14.0,15.0,17.0,6e-05,6e-05,-1.0,1.0,1e-12
466,search_466,1,success,17732.73427581787,0.0007,0.0006,11.7,14.0,16.0,13.0,6e-05,6e-05,-1.0,1.0,1e-12
467,search_467,1,success,17592.772107839584,0.0007,0.0006,11.7,14.0,16.0,14.0,6e-05,6e-05,-1.0,1.0,1e-12
468,search_468,1,success,17587.433045864105,0.0007,0.0006,11.7,14.0,16.0,15.0,6e-05,6e-05,-1.0,1.0,1e-12
469,search_469,1,success,17425.880355119705,0.0007,0.0006,11.7,14.0,16.0,16.0,6e-05,6e-05,-1.0,1.0,1e-12
470,search_470,1,success,17369.1644217968,0.0007,0.0006,11.7,14.0,16.0,17.0,6e-05,6e-05,-1.0,1.0,1e-12
471,search_471,1,success,17865.587008953094,0.0007,0.0006,11.7,14.0,17.0,13.0,6e-05,6e-05,-1.0,1.0,1e-12
472,search_472,1,success,17768.067868947983,0.0007,0.0006,11.7,14.0,17.0,14.0,6e-05,6e-05,-1.0,1.0,1e-12
473,search_473,1,success,17737.177909612656,0.0007,0.0006,11.7,14.0,17.0,15.0,6e-05,6e-05,-1.0,1.0,1e-12
474,search_474,1,success,17581.909986019135,0.0007,0.0006,11.7,14.0,17.0,16.0,6e-05,6e-05,-1.0,1.0,1e-12
475,search_475,1,success,17409.490933179855,0.0007,0.0006,11.7,14.0,17.0,17.0,6e-05,6e-05,-1.0,1.0,1e-12
476,search_476,1,success,16956.678139925003,0.0007,0.0006,11.7,14.0,13.0,13.0,6e-05,7e-05,-1.0,1.0,1e-12
477,search_477,1,success,16619.525864124298,0.0007,0.0006,11.7,14.0,13.0,14.0,6e-05,7e-05,-1.0,1.0,1e-12
478,search_478,1,success,16518.654963970184,0.0007,0.0006,11.7,14.0,13.0,15.0,6e-05,7e-05,-1.0,1.0,1e-12
479,search_479,1,success,16584.75044608116,0.0007,0.0006,11.7,14.0,13.0,16.0,6e-05,7e-05,-1.0,1.0,1e-12
480,search_480,1,success,16495.717033863068,0.0007,0.0006,11.7,14.0,13.0,17.0,6e-05,7e-05,-1.0,1.0,1e-12
481,search_481,1,success,17035.440582990646,0.0007,0.0006,11.7,14.0,14.0,13.0,6e-05,7e-05,-1.0,1.0,1e-12
482,search_482,1,success,16844.220633983612,0.0007,0.0006,11.7,14.0,14.0,14.0,6e-05,7e-05,-1.0,1.0,1e-12
483,search_483,1,success,16713.88060593605,0.0007,0.0006,11.7,14.0,14.0,15.0,6e-05,7e-05,-1.0,1.0,1e-12
484,search_484,1,success,16795.660639047623,0.0007,0.0006,11.7,14.0,14.0,16.0,6e-05,7e-05,-1.0,1.0,1e-12
485,search_485,1,success,16569.005223989487,0.0007,0.0006,11.7,14.0,14.0,17.0,6e-05,7e-05,-1.0,1.0,1e-12
486,search_486,1,success,17212.83566093445,0.0007,0.0006,11.7,14.0,15.0,13.0,6e-05,7e-05,-1.0,1.0,1e-12
487,search_487,1,success,17030.49887418747,0.0007,0.0006,11.7,14.0,15.0,14.0,6e-05,7e-05,-1.0,1.0,1e-12
488,search_488,1,success,16921.913949251175,0.0007,0.0006,11.7,14.0,15.0,15.0,6e-05,7e-05,-1.0,1.0,1e-12
489,search_489,1,success,16927.988644123077,0.0007,0.0006,11.7,14.0,15.0,16.0,6e-05,7e-05,-1.0,1.0,1e-12
490,search_490,1,success,16813.607650995255,0.0007,0.0006,11.7,14.0,15.0,17.0,6e-05,7e-05,-1.0,1.0,1e-12
491,search_491,1,success,17296.93080019951,0.0007,0.0006,11.7,14.0,16.0,13.0,6e-05,7e-05,-1.0,1.0,1e-12
492,search_492,1,success,17187.69453406334,0.0007,0.0006,11.7,14.0,16.0,14.0,6e-05,7e-05,-1.0,1.0,1e-12
493,search_493,1,success,17165.99006795883,0.0007,0.0006,11.7,14.0,16.0,15.0,6e-05,7e-05,-1.0,1.0,1e-12
494,search_494,1,success,16943.49675011635,0.0007,0.0006,11.7,14.0,16.0,16.0,6e-05,7e-05,-1.0,1.0,1e-12
495,search_495,1,success,16953.886189222336,0.0007,0.0006,11.7,14.0,16.0,17.0,6e-05,7e-05,-1.0,1.0,1e-12
496,search_496,1,success,17486.702239990234,0.0007,0.0006,11.7,14.0,17.0,13.0,6e-05,7e-05,-1.0,1.0,1e-12
497,search_497,1,success,17398.328910827637,0.0007,0.0006,11.7,14.0,17.0,14.0,6e-05,7e-05,-1.0,1.0,1e-12
498,search_498,1,success,17509.250418186188,0.0007,0.0006,11.7,14.0,17.0,15.0,6e-05,7e-05,-1.0,1.0,1e-12
499,search_499,1,success,17151.895262002945,0.0007,0.0006,11.7,14.0,17.0,16.0,6e-05,7e-05,-1.0,1.0,1e-12
500,search_500,1,success,17113.175696134567,0.0007,0.0006,11.7,14.0,17.0,17.0,6e-05,7e-05,-1.0,1.0,1e-12
501,search_501,1,success,18536.511997938156,0.0007,0.0006,11.7,14.0,13.0,13.0,7e-05,3e-05,-1.0,1.0,1e-12
502,search_502,1,success,18520.769943714142,0.0007,0.0006,11.7,14.0,13.0,14.0,7e-05,3e-05,-1.0,1.0,1e-12
503,search_503,1,success,18580.97697377205,0.0007,0.0006,11.7,14.0,13.0,15.0,7e-05,3e-05,-1.0,1.0,1e-12
504,search_504,1,success,18463.116832971573,0.0007,0.0006,11.7,14.0,13.0,16.0,7e-05,3e-05,-1.0,1.0,1e-12
505,search_505,1,success,18355.936633825302,0.0007,0.0006,11.7,14.0,13.0,17.0,7e-05,3e-05,-1.0,1.0,1e-12
506,search_506,1,success,18638.758002996445,0.0007,0.0006,11.7,14.0,14.0,13.0,7e-05,3e-05,-1.0,1.0,1e-12
507,search_507,1,success,18767.233824968338,0.0007,0.0006,11.7,14.0,14.0,14.0,7e-05,3e-05,-1.0,1.0,1e-12
508,search_508,1,success,18584.313431739807,0.0007,0.0006,11.7,14.0,14.0,15.0,7e-05,3e-05,-1.0,1.0,1e-12
509,search_509,1,success,18606.979799985886,0.0007,0.0006,11.7,14.0,14.0,16.0,7e-05,3e-05,-1.0,1.0,1e-12
510,search_510,1,success,18541.02392220497,0.0007,0.0006,11.7,14.0,14.0,17.0,7e-05,3e-05,-1.0,1.0,1e-12
511,search_511,1,success,18855.41569495201,0.0007,0.0006,11.7,14.0,15.0,13.0,7e-05,3e-05,-1.0,1.0,1e-12
512,search_512,1,success,18891.486628055573,0.0007,0.0006,11.7,14.0,15.0,14.0,7e-05,3e-05,-1.0,1.0,1e-12
513,search_513,1,success,18787.92164206505,0.0007,0.0006,11.7,14.0,15.0,15.0,7e-05,3e-05,-1.0,1.0,1e-12
514,search_514,1,success,18756.998438835144,0.0007,0.0006,11.7,14.0,15.0,16.0,7e-05,3e-05,-1.0,1.0,1e-12
515,search_515,1,success,18696.62045788765,0.0007,0.0006,11.7,14.0,15.0,17.0,7e-05,3e-05,-1.0,1.0,1e-12
516,search_516,1,success,18788.848462820053,0.0007,0.0006,11.7,14.0,16.0,13.0,7e-05,3e-05,-1.0,1.0,1e-12
517,search_517,1,success,18908.311736106873,0.0007,0.0006,11.7,14.0,16.0,14.0,7e-05,3e-05,-1.0,1.0,1e-12
518,search_518,1,success,18893.224565029144,0.0007,0.0006,11.7,14.0,16.0,15.0,7e-05,3e-05,-1.0,1.0,1e-12
519,search_519,1,success,18563.785756349564,0.0007,0.0006,11.7,14.0,16.0,16.0,7e-05,3e-05,-1.0,1.0,1e-12
520,search_520,1,success,18495.61977481842,0.0007,0.0006,11.7,14.0,16.0,17.0,7e-05,3e-05,-1.0,1.0,1e-12
521,search_521,1,success,18876.804466962814,0.0007,0.0006,11.7,14.0,17.0,13.0,7e-05,3e-05,-1.0,1.0,1e-12
522,search_522,1,success,18849.63019013405,0.0007,0.0006,11.7,14.0,17.0,14.0,7e-05,3e-05,-1.0,1.0,1e-12
523,search_523,1,success,18792.95652794838,0.0007,0.0006,11.7,14.0,17.0,15.0,7e-05,3e-05,-1.0,1.0,1e-12
524,search_524,1,success,18666.387084007263,0.0007,0.0006,11.7,14.0,17.0,16.0,7e-05,3e-05,-1.0,1.0,1e-12
525,search_525,1,success,18582.925914764404,0.0007,0.0006,11.7,14.0,17.0,17.0,7e-05,3e-05,-1.0,1.0,1e-12
526,search_526,1,success,18440.42663192749,0.0007,0.0006,11.7,14.0,13.0,13.0,7e-05,4e-05,-1.0,1.0,1e-12
527,search_527,1,success,18318.351394176483,0.0007,0.0006,11.7,14.0,13.0,14.0,7e-05,4e-05,-1.0,1.0,1e-12
528,search_528,1,success,18192.340975761414,0.0007,0.0006,11.7,14.0,13.0,15.0,7e-05,4e-05,-1.0,1.0,1e-12
529,search_529,1,success,18153.62004494667,0.0007,0.0006,11.7,14.0,13.0,16.0,7e-05,4e-05,-1.0,1.0,1e-12
530,search_530,1,success,18012.128883838654,0.0007,0.0006,11.7,14.0,13.0,17.0,7e-05,4e-05,-1.0,1.0,1e-12
531,search_531,1,success,18644.998514175415,0.0007,0.0006,11.7,14.0,14.0,13.0,7e-05,4e-05,-1.0,1.0,1e-12
532,search_532,1,success,18421.860758066177,0.0007,0.0006,11.7,14.0,14.0,14.0,7e-05,4e-05,-1.0,1.0,1e-12
533,search_533,1,success,18016.628442049026,0.0007,0.0006,11.7,14.0,14.0,15.0,7e-05,4e-05,-1.0,1.0,1e-12
534,search_534,1,success,17998.056092739105,0.0007,0.0006,11.7,14.0,14.0,16.0,7e-05,4e-05,-1.0,1.0,1e-12
535,search_535,1,success,18085.564321041107,0.0007,0.0006,11.7,14.0,14.0,17.0,7e-05,4e-05,-1.0,1.0,1e-12
536,search_536,1,success,18441.917392253876,0.0007,0.0006,11.7,14.0,15.0,13.0,7e-05,4e-05,-1.0,1.0,1e-12
537,search_537,1,success,18551.434541225433,0.0007,0.0006,11.7,14.0,15.0,14.0,7e-05,4e-05,-1.0,1.0,1e-12
538,search_538,1,success,18388.83923482895,0.0007,0.0006,11.7,14.0,15.0,15.0,7e-05,4e-05,-1.0,1.0,1e-12
539,search_539,1,success,18253.271510124207,0.0007,0.0006,11.7,14.0,15.0,16.0,7e-05,4e-05,-1.0,1.0,1e-12
540,search_540,1,success,18320.352002859116,0.0007,0.0006,11.7,14.0,15.0,17.0,7e-05,4e-05,-1.0,1.0,1e-12
541,search_541,1,success,18771.369174957275,0.0007,0.0006,11.7,14.0,16.0,13.0,7e-05,4e-05,-1.0,1.0,1e-12
542,search_542,1,success,18626.94544529915,0.0007,0.0006,11.7,14.0,16.0,14.0,7e-05,4e-05,-1.0,1.0,1e-12
543,search_543,1,success,18543.450434923172,0.0007,0.0006,11.7,14.0,16.0,15.0,7e-05,4e-05,-1.0,1.0,1e-12
544,search_544,1,success,18338.302582979202,0.0007,0.0006,11.7,14.0,16.0,16.0,7e-05,4e-05,-1.0,1.0,1e-12
545,search_545,1,success,18378.00935983658,0.0007,0.0006,11.7,14.0,16.0,17.0,7e-05,4e-05,-1.0,1.0,1e-12
546,search_546,1,success,18703.105812072754,0.0007,0.0006,11.7,14.0,17.0,13.0,7e-05,4e-05,-1.0,1.0,1e-12
547,search_547,1,success,18464.66698217392,0.0007,0.0006,11.7,14.0,17.0,14.0,7e-05,4e-05,-1.0,1.0,1e-12
548,search_548,1,success,18355.942095279694,0.0007,0.0006,11.7,14.0,17.0,15.0,7e-05,4e-05,-1.0,1.0,1e-12
549,search_549,1,success,18325.570692777634,0.0007,0.0006,11.7,14.0,17.0,16.0,7e-05,4e-05,-1.0,1.0,1e-12
550,search_550,1,success,18239.28323817253,0.0007,0.0006,11.7,14.0,17.0,17.0,7e-05,4e-05,-1.0,1.0,1e-12
551,search_551,1,success,17931.037261009216,0.0007,0.0006,11.7,14.0,13.0,13.0,7e-05,5e-05,-1.0,1.0,1e-12
552,search_552,1,success,17785.32016801834,0.0007,0.0006,11.7,14.0,13.0,14.0,7e-05,5e-05,-1.0,1.0,1e-12
553,search_553,1,success,17683.378557920456,0.0007,0.0006,11.7,14.0,13.0,15.0,7e-05,5e-05,-1.0,1.0,1e-12
554,search_554,1,success,17756.6958463192,0.0007,0.0006,11.7,14.0,13.0,16.0,7e-05,5e-05,-1.0,1.0,1e-12
555,search_555,1,success,17613.762458324432,0.0007,0.0006,11.7,14.0,13.0,17.0,7e-05,5e-05,-1.0,1.0,1e-12
556,search_556,1,success,18165.01998782158,0.0007,0.0006,11.7,14.0,14.0,13.0,7e-05,5e-05,-1.0,1.0,1e-12
557,search_557,1,success,18022.738882780075,0.0007,0.0006,11.7,14.0,14.0,14.0,7e-05,5e-05,-1.0,1.0,1e-12
558,search_558,1,success,17728.213742017746,0.0007,0.0006,11.7,14.0,14.0,15.0,7e-05,5e-05,-1.0,1.0,1e-12
559,search_559,1,success,17842.97519993782,0.0007,0.0006,11.7,14.0,14.0,16.0,7e-05,5e-05,-1.0,1.0,1e-12
560,search_560,1,success,17661.069976091385,0.0007,0.0006,11.7,14.0,14.0,17.0,7e-05,5e-05,-1.0,1.0,1e-12
561,search_561,1,success,18033.68444299698,0.0007,0.0006,11.7,14.0,15.0,13.0,7e-05,5e-05,-1.0,1.0,1e-12
562,search_562,1,success,17973.00800204277,0.0007,0.0006,11.7,14.0,15.0,14.0,7e-05,5e-05,-1.0,1.0,1e-12
563,search_563,1,success,17930.845564842224,0.0007,0.0006,11.7,14.0,15.0,15.0,7e-05,5e-05,-1.0,1.0,1e-12
564,search_564,1,success,17726.018669128418,0.0007,0.0006,11.7,14.0,15.0,16.0,7e-05,5e-05,-1.0,1.0,1e-12
565,search_565,1,success,17915.686933994293,0.0007,0.0006,11.7,14.0,15.0,17.0,7e-05,5e-05,-1.0,1.0,1e-12
566,search_566,1,success,18359.36198282242,0.0007,0.0006,11.7,14.0,16.0,13.0,7e-05,5e-05,-1.0,1.0,1e-12
567,search_567,1,success,18100.958131074905,0.0007,0.0006,11.7,14.0,16.0,14.0,7e-05,5e-05,-1.0,1.0,1e-12
568,search_568,1,success,18128.378199100494,0.0007,0.0006,11.7,14.0,16.0,15.0,7e-05,5e-05,-1.0,1.0,1e-12
569,search_569,1,success,18010.26914000511,0.0007,0.0006,11.7,14.0,16.0,16.0,7e-05,5e-05,-1.0,1.0,1e-12
570,search_570,1,success,17898.87582206726,0.0007,0.0006,11.7,14.0,16.0,17.0,7e-05,5e-05,-1.0,1.0,1e-12
571,search_571,1,success,18367.932050943375,0.0007,0.0006,11.7,14.0,17.0,13.0,7e-05,5e-05,-1.0,1.0,1e-12
572,search_572,1,success,18164.81322312355,0.0007,0.0006,11.7,14.0,17.0,14.0,7e-05,5e-05,-1.0,1.0,1e-12
573,search_573,1,success,18249.942786216736,0.0007,0.0006,11.7,14.0,17.0,15.0,7e-05,5e-05,-1.0,1.0,1e-12
574,search_574,1,success,18072.115766763687,0.0007,0.0006,11.7,14.0,17.0,16.0,7e-05,5e-05,-1.0,1.0,1e-12
575,search_575,1,success,17922.1425178051,0.0007,0.0006,11.7,14.0,17.0,17.0,7e-05,5e-05,-1.0,1.0,1e-12
576,search_576,1,success,17692.11741900444,0.0007,0.0006,11.7,14.0,13.0,13.0,7e-05,6e-05,-1.0,1.0,1e-12
577,search_577,1,success,17643.67714905739,0.0007,0.0006,11.7,14.0,13.0,14.0,7e-05,6e-05,-1.0,1.0,1e-12
578,search_578,1,success,17494.00551891327,0.0007,0.0006,11.7,14.0,13.0,15.0,7e-05,6e-05,-1.0,1.0,1e-12
579,search_579,1,success,17419.53960609436,0.0007,0.0006,11.7,14.0,13.0,16.0,7e-05,6e-05,-1.0,1.0,1e-12
580,search_580,1,success,17334.39204311371,0.0007,0.0006,11.7,14.0,13.0,17.0,7e-05,6e-05,-1.0,1.0,1e-12
581,search_581,1,success,17825.46413707733,0.0007,0.0006,11.7,14.0,14.0,13.0,7e-05,6e-05,-1.0,1.0,1e-12
582,search_582,1,success,17760.676400899887,0.0007,0.0006,11.7,14.0,14.0,14.0,7e-05,6e-05,-1.0,1.0,1e-12
583,search_583,1,success,17736.12383389473,0.0007,0.0006,11.7,14.0,14.0,15.0,7e-05,6e-05,-1.0,1.0,1e-12
584,search_584,1,success,17637.619637966156,0.0007,0.0006,11.7,14.0,14.0,16.0,7e-05,6e-05,-1.0,1.0,1e-12
585,search_585,1,success,17545.812664985657,0.0007,0.0006,11.7,14.0,14.0,17.0,7e-05,6e-05,-1.0,1.0,1e-12
586,search_586,1,success,17938.71299290657,0.0007,0.0006,11.7,14.0,15.0,13.0,7e-05,6e-05,-1.0,1.0,1e-12
587,search_587,1,success,17979.583297014236,0.0007,0.0006,11.7,14.0,15.0,14.0,7e-05,6e-05,-1.0,1.0,1e-12
588,search_588,1,success,17808.13206076622,0.0007,0.0006,11.7,14.0,15.0,15.0,7e-05,6e-05,-1.0,1.0,1e-12
589,search_589,1,success,17511.908993005753,0.0007,0.0006,11.7,14.0,15.0,16.0,7e-05,6e-05,-1.0,1.0,1e-12
590,search_590,1,success,17501.859309196472,0.0007,0.0006,11.7,14.0,15.0,17.0,7e-05,6e-05,-1.0,1.0,1e-12
591,search_591,1,success,17959.36695098877,0.0007,0.0006,11.7,14.0,16.0,13.0,7e-05,6e-05,-1.0,1.0,1e-12
592,search_592,1,success,17826.301457881927,0.0007,0.0006,11.7,14.0,16.0,14.0,7e-05,6e-05,-1.0,1.0,1e-12
593,search_593,1,success,17852.33898115158,0.0007,0.0006,11.7,14.0,16.0,15.0,7e-05,6e-05,-1.0,1.0,1e-12
594,search_594,1,success,17681.700261831284,0.0007,0.0006,11.7,14.0,16.0,16.0,7e-05,6e-05,-1.0,1.0,1e-12
595,search_595,1,success,17652.34126496315,0.0007,0.0006,11.7,14.0,16.0,17.0,7e-05,6e-05,-1.0,1.0,1e-12
596,search_596,1,success,18108.47662615776,0.0007,0.0006,11.7,14.0,17.0,13.0,7e-05,6e-05,-1.0,1.0,1e-12
597,search_597,1,success,18081.4948990345,0.0007,0.0006,11.7,14.0,17.0,14.0,7e-05,6e-05,-1.0,1.0,1e-12
598,search_598,1,success,17950.798616170883,0.0007,0.0006,11.7,14.0,17.0,15.0,7e-05,6e-05,-1.0,1.0,1e-12
599,search_599,1,success,17743.110514879227,0.0007,0.0006,11.7,14.0,17.0,16.0,7e-05,6e-05,-1.0,1.0,1e-12
600,search_600,1,success,17654.98222899437,0.0007,0.0006,11.7,14.0,17.0,17.0,7e-05,6e-05,-1.0,1.0,1e-12
601,search_601,1,success,17553.79103899002,0.0007,0.0006,11.7,14.0,13.0,13.0,7e-05,7e-05,-1.0,1.0,1e-12
602,search_602,1,success,17333.93089389801,0.0007,0.0006,11.7,14.0,13.0,14.0,7e-05,7e-05,-1.0,1.0,1e-12
603,search_603,1,success,16927.838578939438,0.0007,0.0006,11.7,14.0,13.0,15.0,7e-05,7e-05,-1.0,1.0,1e-12
604,search_604,1,success,16759.332160949707,0.0007,0.0006,11.7,14.0,13.0,16.0,7e-05,7e-05,-1.0,1.0,1e-12
605,search_605,1,success,16793.112638950348,0.0007,0.0006,11.7,14.0,13.0,17.0,7e-05,7e-05,-1.0,1.0,1e-12
606,search_606,1,success,17424.920625925064,0.0007,0.0006,11.7,14.0,14.0,13.0,7e-05,7e-05,-1.0,1.0,1e-12
607,search_607,1,success,17394.5330350399,0.0007,0.0006,11.7,14.0,14.0,14.0,7e-05,7e-05,-1.0,1.0,1e-12
608,search_608,1,success,17175.991422891617,0.0007,0.0006,11.7,14.0,14.0,15.0,7e-05,7e-05,-1.0,1.0,1e-12
609,search_609,1,success,17042.965116739273,0.0007,0.0006,11.7,14.0,14.0,16.0,7e-05,7e-05,-1.0,1.0,1e-12
610,search_610,1,success,17097.253613948822,0.0007,0.0006,11.7,14.0,14.0,17.0,7e-05,7e-05,-1.0,1.0,1e-12
611,search_611,1,success,17562.764428138733,0.0007,0.0006,11.7,14.0,15.0,13.0,7e-05,7e-05,-1.0,1.0,1e-12
612,search_612,1,success,17534.491511821747,0.0007,0.0006,11.7,14.0,15.0,14.0,7e-05,7e-05,-1.0,1.0,1e-12
613,search_613,1,success,17284.14741706848,0.0007,0.0006,11.7,14.0,15.0,15.0,7e-05,7e-05,-1.0,1.0,1e-12
614,search_614,1,success,17054.17531490326,0.0007,0.0006,11.7,14.0,15.0,16.0,7e-05,7e-05,-1.0,1.0,1e-12
615,search_615,1,success,16495.642786979675,0.0007,0.0006,11.7,14.0,15.0,17.0,7e-05,7e-05,-1.0,1.0,1e-12
616,search_616,1,success,16856.000902175903,0.0007,0.0006,11.7,14.0,16.0,13.0,7e-05,7e-05,-1.0,1.0,1e-12
617,search_617,1,success,14050.101889133453,0.0007,0.0006,11.7,14.0,16.0,14.0,7e-05,7e-05,-1.0,1.0,1e-12
618,search_618,1,success,13693.516381978989,0.0007,0.0006,11.7,14.0,16.0,15.0,7e-05,7e-05,-1.0,1.0,1e-12
619,search_619,1,success,13104.61410498619,0.0007,0.0006,11.7,14.0,16.0,16.0,7e-05,7e-05,-1.0,1.0,1e-12
620,search_620,1,success,12635.38162279129,0.0007,0.0006,11.7,14.0,16.0,17.0,7e-05,7e-05,-1.0,1.0,1e-12
621,search_621,1,success,12866.378265857697,0.0007,0.0006,11.7,14.0,17.0,13.0,7e-05,7e-05,-1.0,1.0,1e-12
622,search_622,1,success,12834.07915520668,0.0007,0.0006,11.7,14.0,17.0,14.0,7e-05,7e-05,-1.0,1.0,1e-12
623,search_623,1,success,12563.36845779419,0.0007,0.0006,11.7,14.0,17.0,15.0,7e-05,7e-05,-1.0,1.0,1e-12
624,search_624,1,success,12280.77029132843,0.0007,0.0006,11.7,14.0,17.0,16.0,7e-05,7e-05,-1.0,1.0,1e-12
625,search_625,1,success,11964.718563079834,0.0007,0.0006,11.7,14.0,17.0,17.0,7e-05,7e-05,-1.0,1.0,1e-12
