rule,rep,window,time_ms,between_within_separation
STDP,1,0,12.5,0.4504076424298338
STDP,1,1,37.5,0.529411937314424
STDP,1,2,62.5,0.4665736319841933
STDP,1,3,87.5,0.5631583142844542
STDP,1,4,112.5,0.677730354795167
STDP,1,5,137.5,0.5920903424068511
STDP,1,6,162.5,0.5821987847587842
STDP,1,7,187.5,0.5849877986794652
STDP,1,8,212.5,0.6822319432912661
STDP,1,9,237.5,0.5883472814173816
STDP,1,10,262.5,0.49345291712539235
STDP,1,11,287.5,0.6197028881283169
STDP,1,12,312.5,0.5840482537052091
STDP,1,13,337.5,0.5743136534576272
STDP,1,14,362.5,0.4885789980890249
STDP,1,15,387.5,0.46704606413103206
STDP,1,16,412.5,0.5624338835903797
STDP,1,17,437.5,0.6564446643071832
STDP,1,18,462.5,0.508174810538536
STDP,1,19,487.5,0.4703718545667335
T_STDP,1,0,12.5,0.45420621121465143
T_STDP,1,1,37.5,0.5997403327686657
T_STDP,1,2,62.5,0.6578943224908385
T_STDP,1,3,87.5,0.7649325683835555
T_STDP,1,4,112.5,0.8506004072879851
T_STDP,1,5,137.5,0.7519533362576768
T_STDP,1,6,162.5,0.7833020109399282
T_STDP,1,7,187.5,0.7531114946748657
T_STDP,1,8,212.5,0.7858436116533039
T_STDP,1,9,237.5,0.7050719768456973
T_STDP,1,10,262.5,0.6210746585712981
T_STDP,1,11,287.5,0.7444811201651905
T_STDP,1,12,312.5,0.6977767675942703
T_STDP,1,13,337.5,0.704738591184246
T_STDP,1,14,362.5,0.5836880296997319
T_STDP,1,15,387.5,0.5457651681976637
T_STDP,1,16,412.5,0.6733999540092509
T_STDP,1,17,437.5,0.7860836878054233
T_STDP,1,18,462.5,0.5670054287472496
T_STDP,1,19,487.5,0.5442862828149899
SRDP,1,0,12.5,0.4388477883638478
SRDP,1,1,37.5,0.6918644648181059
SRDP,1,2,62.5,0.6875770821457547
SRDP,1,3,87.5,0.6235930006701139
SRDP,1,4,112.5,0.5667104375823573
SRDP,1,5,137.5,0.4566251838394186
SRDP,1,6,162.5,0.33885766054857763
SRDP,1,7,187.5,0.28490599802270045
SRDP,1,8,212.5,0.299363001760749
SRDP,1,9,237.5,0.2684502977465616
SRDP,1,10,262.5,0.280100659281069
SRDP,1,11,287.5,0.28773461732985645
SRDP,1,12,312.5,0.3035055681822623
SRDP,1,13,337.5,0.34793296915371186
SRDP,1,14,362.5,0.38413274999593555
SRDP,1,15,387.5,0.3529554688468929
SRDP,1,16,412.5,0.3135384667263198
SRDP,1,17,437.5,0.35440063568739744
SRDP,1,18,462.5,0.34673567620241696
SRDP,1,19,487.5,0.3546734418144748
STDP,2,0,12.5,0.46165278602819243
STDP,2,1,37.5,0.4275850285900896
STDP,2,2,62.5,0.5286258301368248
STDP,2,3,87.5,0.5919706028911195
STDP,2,4,112.5,0.5726126885664232
STDP,2,5,137.5,0.5017851203831807
STDP,2,6,162.5,0.42647353786408093
STDP,2,7,187.5,0.4708652656987384
STDP,2,8,212.5,0.5496246717359597
STDP,2,9,237.5,0.5270346185361796
STDP,2,10,262.5,0.41430937364900955
STDP,2,11,287.5,0.44317723544370935
STDP,2,12,312.5,0.48581816342763023
STDP,2,13,337.5,0.48415805510273563
STDP,2,14,362.5,0.39864290634317684
STDP,2,15,387.5,0.47061826453499706
STDP,2,16,412.5,0.4402384912759589
STDP,2,17,437.5,0.46676812490852293
STDP,2,18,462.5,0.45656778601729414
STDP,2,19,487.5,0.5306063908677194
T_STDP,2,0,12.5,0.47080689300078266
T_STDP,2,1,37.5,0.4998608028847348
T_STDP,2,2,62.5,0.7296744736267621
T_STDP,2,3,87.5,0.834866925652904
T_STDP,2,4,112.5,0.8127847105458386
T_STDP,2,5,137.5,0.6971179848429206
T_STDP,2,6,162.5,0.6114951460593288
T_STDP,2,7,187.5,0.6360487875336018
T_STDP,2,8,212.5,0.6892883527344558
T_STDP,2,9,237.5,0.636310240053652
T_STDP,2,10,262.5,0.49483021287065104
T_STDP,2,11,287.5,0.5150566214165856
T_STDP,2,12,312.5,0.5382450984107693
T_STDP,2,13,337.5,0.5495846070029342
T_STDP,2,14,362.5,0.45840515588236547
T_STDP,2,15,387.5,0.4945656222036827
T_STDP,2,16,412.5,0.4519980605690293
T_STDP,2,17,437.5,0.4962260320471942
T_STDP,2,18,462.5,0.45355040307114913
T_STDP,2,19,487.5,0.5314599819818546
SRDP,2,0,12.5,0.41819455050424076
SRDP,2,1,37.5,0.5859396048334515
SRDP,2,2,62.5,0.7059830341378937
SRDP,2,3,87.5,0.6278137896781057
SRDP,2,4,112.5,0.5364789658161191
SRDP,2,5,137.5,0.4910041923790643
SRDP,2,6,162.5,0.4339092119382922
SRDP,2,7,187.5,0.4609346930665752
SRDP,2,8,212.5,0.5003223142924033
SRDP,2,9,237.5,0.5014426498788498
SRDP,2,10,262.5,0.48874437986491176
SRDP,2,11,287.5,0.5062054073078462
SRDP,2,12,312.5,0.4643759978969636
SRDP,2,13,337.5,0.4903665911465004
SRDP,2,14,362.5,0.4746201248520627
SRDP,2,15,387.5,0.5170482676364033
SRDP,2,16,412.5,0.46659278863605264
SRDP,2,17,437.5,0.44468913459376186
SRDP,2,18,462.5,0.4328109158068257
SRDP,2,19,487.5,0.4513433675997975
STDP,3,0,12.5,0.44790186814024713
STDP,3,1,37.5,0.49406829492651094
STDP,3,2,62.5,0.44454691621114245
STDP,3,3,87.5,0.5097870476703853
STDP,3,4,112.5,0.5905789312014433
STDP,3,5,137.5,0.5594978873082777
STDP,3,6,162.5,0.43877846723660185
STDP,3,7,187.5,0.4104958202530984
STDP,3,8,212.5,0.5206401478731741
STDP,3,9,237.5,0.5920242551209413
STDP,3,10,262.5,0.5239536106106988
STDP,3,11,287.5,0.4613012041296339
STDP,3,12,312.5,0.5115304621680439
STDP,3,13,337.5,0.5348571902927997
STDP,3,14,362.5,0.4832484692317569
STDP,3,15,387.5,0.5112868124224671
STDP,3,16,412.5,0.5614404932136461
STDP,3,17,437.5,0.567561670427025
STDP,3,18,462.5,0.5328808472981124
STDP,3,19,487.5,0.4563345657649796
T_STDP,3,0,12.5,0.46424372652226387
T_STDP,3,1,37.5,0.5735151828637497
T_STDP,3,2,62.5,0.6018539517497137
T_STDP,3,3,87.5,0.6983735530219192
T_STDP,3,4,112.5,0.8014171371024901
T_STDP,3,5,137.5,0.7476232298132606
T_STDP,3,6,162.5,0.6258981394369876
T_STDP,3,7,187.5,0.6099200091048617
T_STDP,3,8,212.5,0.7032564793966991
T_STDP,3,9,237.5,0.7803318982548911
T_STDP,3,10,262.5,0.6245496719638282
T_STDP,3,11,287.5,0.5664976082959342
T_STDP,3,12,312.5,0.5826731899213227
T_STDP,3,13,337.5,0.6648401446284188
T_STDP,3,14,362.5,0.5936806631353881
T_STDP,3,15,387.5,0.637260257741697
T_STDP,3,16,412.5,0.6998403577118248
T_STDP,3,17,437.5,0.685082180059735
T_STDP,3,18,462.5,0.6572507833058947
T_STDP,3,19,487.5,0.5525860552698402
SRDP,3,0,12.5,0.44751946054707864
SRDP,3,1,37.5,0.7672734508229516
SRDP,3,2,62.5,0.7645299297660865
SRDP,3,3,87.5,0.6643239422165631
SRDP,3,4,112.5,0.6299614748687623
SRDP,3,5,137.5,0.5308689019666657
SRDP,3,6,162.5,0.43498009854289776
SRDP,3,7,187.5,0.4332476745890825
SRDP,3,8,212.5,0.44174379076158177
SRDP,3,9,237.5,0.4768368117674021
SRDP,3,10,262.5,0.3864692360499546
SRDP,3,11,287.5,0.37748422865861675
SRDP,3,12,312.5,0.3856821920424255
SRDP,3,13,337.5,0.4372467990014988
SRDP,3,14,362.5,0.36852430822224264
SRDP,3,15,387.5,0.3773589161024
SRDP,3,16,412.5,0.33488740661593064
SRDP,3,17,437.5,0.3592401485088346
SRDP,3,18,462.5,0.3410166615422663
SRDP,3,19,487.5,0.3722244220693981
STDP,4,0,12.5,0.5082765015349151
STDP,4,1,37.5,0.5274993043927159
STDP,4,2,62.5,0.44291370893928617
STDP,4,3,87.5,0.5394258010479657
STDP,4,4,112.5,0.6763108098221806
STDP,4,5,137.5,0.7150799566090242
STDP,4,6,162.5,0.6310516419538588
STDP,4,7,187.5,0.4870629360987189
STDP,4,8,212.5,0.6207757609163148
STDP,4,9,237.5,0.6201849812265332
STDP,4,10,262.5,0.45606537741730185
STDP,4,11,287.5,0.5952184641487268
STDP,4,12,312.5,0.6070457322968452
STDP,4,13,337.5,0.63497136119008
STDP,4,14,362.5,0.5751503302253217
STDP,4,15,387.5,0.47578790699651335
STDP,4,16,412.5,0.4860935475444548
STDP,4,17,437.5,0.5489171824722696
STDP,4,18,462.5,0.4907385202914509
STDP,4,19,487.5,0.4495247276923049
T_STDP,4,0,12.5,0.5312103858216992
T_STDP,4,1,37.5,0.6592947987510566
T_STDP,4,2,62.5,0.7015612859134026
T_STDP,4,3,87.5,0.7944729447437104
T_STDP,4,4,112.5,0.9481285685558513
T_STDP,4,5,137.5,0.9640182939332517
T_STDP,4,6,162.5,0.9215774668383938
T_STDP,4,7,187.5,0.7467975590648751
T_STDP,4,8,212.5,0.8474052130930567
T_STDP,4,9,237.5,0.8119906764726152
T_STDP,4,10,262.5,0.6338665014167058
T_STDP,4,11,287.5,0.7661120979636455
T_STDP,4,12,312.5,0.7090273163546585
T_STDP,4,13,337.5,0.780024517104522
T_STDP,4,14,362.5,0.6716493971059019
T_STDP,4,15,387.5,0.5519201743799248
T_STDP,4,16,412.5,0.5147373671288513
T_STDP,4,17,437.5,0.5909689717669717
T_STDP,4,18,462.5,0.5101052637990997
T_STDP,4,19,487.5,0.47972318351793064
SRDP,4,0,12.5,0.47136335386410094
SRDP,4,1,37.5,0.6443193430386682
SRDP,4,2,62.5,0.509527440560568
SRDP,4,3,87.5,0.48786900923385557
SRDP,4,4,112.5,0.5206458731199609
SRDP,4,5,137.5,0.4955146503968272
SRDP,4,6,162.5,0.49352708924120037
SRDP,4,7,187.5,0.48987509419206676
SRDP,4,8,212.5,0.5277608792751073
SRDP,4,9,237.5,0.5111034844185394
SRDP,4,10,262.5,0.4505345886155774
SRDP,4,11,287.5,0.43660463080703854
SRDP,4,12,312.5,0.4662112421262378
SRDP,4,13,337.5,0.5003116825046878
SRDP,4,14,362.5,0.48703073055384277
SRDP,4,15,387.5,0.46448691401124315
SRDP,4,16,412.5,0.3475290302871795
SRDP,4,17,437.5,0.405855448658299
SRDP,4,18,462.5,0.39473366988438163
SRDP,4,19,487.5,0.4105315767253582
STDP,5,0,12.5,0.40707096395533365
STDP,5,1,37.5,0.44335987928423554
STDP,5,2,62.5,0.45176918606902744
STDP,5,3,87.5,0.49155112902307435
STDP,5,4,112.5,0.6039110081566833
STDP,5,5,137.5,0.5001506376188211
STDP,5,6,162.5,0.4888643584815175
STDP,5,7,187.5,0.5265080558064853
STDP,5,8,212.5,0.5594219997299035
STDP,5,9,237.5,0.47742331078889183
STDP,5,10,262.5,0.45415350816366234
STDP,5,11,287.5,0.499555891612018
STDP,5,12,312.5,0.4996326486907673
STDP,5,13,337.5,0.5040222555537852
STDP,5,14,362.5,0.5017442826827071
STDP,5,15,387.5,0.47562062788841863
STDP,5,16,412.5,0.5050850435002358
STDP,5,17,437.5,0.5673325954818397
STDP,5,18,462.5,0.48900684256752536
STDP,5,19,487.5,0.4381473375620966
T_STDP,5,0,12.5,0.4223270280092707
T_STDP,5,1,37.5,0.4980846817660593
T_STDP,5,2,62.5,0.6343894430293466
T_STDP,5,3,87.5,0.7311879854493276
T_STDP,5,4,112.5,0.8591162413176692
T_STDP,5,5,137.5,0.7205531055929632
T_STDP,5,6,162.5,0.715498534009258
T_STDP,5,7,187.5,0.7437666198943598
T_STDP,5,8,212.5,0.7309484487073382
T_STDP,5,9,237.5,0.6453451717790798
T_STDP,5,10,262.5,0.5731019442481587
T_STDP,5,11,287.5,0.6234629194310618
T_STDP,5,12,312.5,0.5728956988137139
T_STDP,5,13,337.5,0.6011493432463763
T_STDP,5,14,362.5,0.5797742239206978
T_STDP,5,15,387.5,0.545192214791602
T_STDP,5,16,412.5,0.6038620886566266
T_STDP,5,17,437.5,0.6653537497399437
T_STDP,5,18,462.5,0.5491239177955458
T_STDP,5,19,487.5,0.4947538196763809
SRDP,5,0,12.5,0.43245091363068894
SRDP,5,1,37.5,0.668548366341438
SRDP,5,2,62.5,0.8662019865489292
SRDP,5,3,87.5,0.6835552819954107
SRDP,5,4,112.5,0.6024290295512889
SRDP,5,5,137.5,0.42711419317023613
SRDP,5,6,162.5,0.3799524933432385
SRDP,5,7,187.5,0.30348582015852626
SRDP,5,8,212.5,0.23316061742214406
SRDP,5,9,237.5,0.2087838975309496
SRDP,5,10,262.5,0.20920469974182862
SRDP,5,11,287.5,0.2261731858357195
SRDP,5,12,312.5,0.22813107175237718
SRDP,5,13,337.5,0.2972801790119091
SRDP,5,14,362.5,0.3129877447325862
SRDP,5,15,387.5,0.32150009274362856
SRDP,5,16,412.5,0.25184200053222233
SRDP,5,17,437.5,0.28613968752755525
SRDP,5,18,462.5,0.3018840961466334
SRDP,5,19,487.5,0.34307154360801156
STDP,6,0,12.5,0.47410102335606785
STDP,6,1,37.5,0.5560071565728422
STDP,6,2,62.5,0.4126484782278026
STDP,6,3,87.5,0.4871553033618854
STDP,6,4,112.5,0.5855476837114045
STDP,6,5,137.5,0.46882880658537257
STDP,6,6,162.5,0.4825477799788157
STDP,6,7,187.5,0.4606575472847374
STDP,6,8,212.5,0.5861197077388719
STDP,6,9,237.5,0.48984320864084835
STDP,6,10,262.5,0.424368958190617
STDP,6,11,287.5,0.5389729773432802
STDP,6,12,312.5,0.4993531164973752
STDP,6,13,337.5,0.4670254151018344
STDP,6,14,362.5,0.46285289336373275
STDP,6,15,387.5,0.4740141781398261
STDP,6,16,412.5,0.41121406844013864
STDP,6,17,437.5,0.4597194854301792
STDP,6,18,462.5,0.4253696926212817
STDP,6,19,487.5,0.3904603908125434
T_STDP,6,0,12.5,0.483448966230702
T_STDP,6,1,37.5,0.5898511158003962
T_STDP,6,2,62.5,0.5751697589743987
T_STDP,6,3,87.5,0.6506151586065722
T_STDP,6,4,112.5,0.7245653960524082
T_STDP,6,5,137.5,0.6483107966410795
T_STDP,6,6,162.5,0.6749300554076836
T_STDP,6,7,187.5,0.5859421104771632
T_STDP,6,8,212.5,0.6657287367251832
T_STDP,6,9,237.5,0.5860480321501635
T_STDP,6,10,262.5,0.506440560496157
T_STDP,6,11,287.5,0.6826504077884277
T_STDP,6,12,312.5,0.6289044741487132
T_STDP,6,13,337.5,0.5818518612862646
T_STDP,6,14,362.5,0.5438149258805749
T_STDP,6,15,387.5,0.5097999492306491
T_STDP,6,16,412.5,0.46889785810054624
T_STDP,6,17,437.5,0.5384487609233989
T_STDP,6,18,462.5,0.4657133749432405
T_STDP,6,19,487.5,0.4209882467286372
SRDP,6,0,12.5,0.4353024607211672
SRDP,6,1,37.5,0.6765494938253416
SRDP,6,2,62.5,0.5498361773331331
SRDP,6,3,87.5,0.45988909553543855
SRDP,6,4,112.5,0.39068451838157986
SRDP,6,5,137.5,0.3781774025578385
SRDP,6,6,162.5,0.3806371161323001
SRDP,6,7,187.5,0.4348791405113587
SRDP,6,8,212.5,0.5050291762071436
SRDP,6,9,237.5,0.4761683521889425
SRDP,6,10,262.5,0.48445140385892127
SRDP,6,11,287.5,0.44362423514730787
SRDP,6,12,312.5,0.4934194539445969
SRDP,6,13,337.5,0.5035678104058754
SRDP,6,14,362.5,0.49369182061185785
SRDP,6,15,387.5,0.46699461191770814
SRDP,6,16,412.5,0.3465584551388526
SRDP,6,17,437.5,0.38510123293353976
SRDP,6,18,462.5,0.37077803419142386
SRDP,6,19,487.5,0.3925823741687597
STDP,7,0,12.5,0.46433275945815117
STDP,7,1,37.5,0.5031420156399726
STDP,7,2,62.5,0.5349214513232812
STDP,7,3,87.5,0.6428949744601684
STDP,7,4,112.5,0.6909768093366437
STDP,7,5,137.5,0.5410977395785562
STDP,7,6,162.5,0.4673850823360268
STDP,7,7,187.5,0.5612599652209933
STDP,7,8,212.5,0.5832470901394994
STDP,7,9,237.5,0.4864934106569882
STDP,7,10,262.5,0.495194418463231
STDP,7,11,287.5,0.5654040876645423
STDP,7,12,312.5,0.5235674408817715
STDP,7,13,337.5,0.5319988074344185
STDP,7,14,362.5,0.5593744089023801
STDP,7,15,387.5,0.545865073609343
STDP,7,16,412.5,0.5260367644906717
STDP,7,17,437.5,0.49964997325760396
STDP,7,18,462.5,0.5074474368207011
STDP,7,19,487.5,0.46651920557890264
T_STDP,7,0,12.5,0.4799406967568239
T_STDP,7,1,37.5,0.5680303105838486
T_STDP,7,2,62.5,0.7017925396076152
T_STDP,7,3,87.5,0.835326382328735
T_STDP,7,4,112.5,0.8745424903133425
T_STDP,7,5,137.5,0.7061570047176333
T_STDP,7,6,162.5,0.6421904620384685
T_STDP,7,7,187.5,0.7641314563835394
T_STDP,7,8,212.5,0.7247853228184096
T_STDP,7,9,237.5,0.617869067458238
T_STDP,7,10,262.5,0.6252027405274886
T_STDP,7,11,287.5,0.6947925987449283
T_STDP,7,12,312.5,0.6081938034894008
T_STDP,7,13,337.5,0.6536122803602078
T_STDP,7,14,362.5,0.6695521848036591
T_STDP,7,15,387.5,0.6487971669914928
T_STDP,7,16,412.5,0.6257385202264408
T_STDP,7,17,437.5,0.6163021023821466
T_STDP,7,18,462.5,0.5934410003052
T_STDP,7,19,487.5,0.5643996976651098
SRDP,7,0,12.5,0.43079523492386845
SRDP,7,1,37.5,0.6481585380874089
SRDP,7,2,62.5,0.6853686215114595
SRDP,7,3,87.5,0.6189879371555403
SRDP,7,4,112.5,0.5011957668317272
SRDP,7,5,137.5,0.3884839810016809
SRDP,7,6,162.5,0.32683845328361977
SRDP,7,7,187.5,0.36486329172314486
SRDP,7,8,212.5,0.37718050535007625
SRDP,7,9,237.5,0.34857354180080163
SRDP,7,10,262.5,0.3384410831745044
SRDP,7,11,287.5,0.33096759638251305
SRDP,7,12,312.5,0.33431371707960333
SRDP,7,13,337.5,0.38349335663234785
SRDP,7,14,362.5,0.37322058178619394
SRDP,7,15,387.5,0.3546958451914232
SRDP,7,16,412.5,0.27830712146342423
SRDP,7,17,437.5,0.2970269713340261
SRDP,7,18,462.5,0.3169339918559887
SRDP,7,19,487.5,0.30737241618401406
STDP,8,0,12.5,0.47455918939356856
STDP,8,1,37.5,0.3806879758422698
STDP,8,2,62.5,0.39407874049542474
STDP,8,3,87.5,0.5172065167968679
STDP,8,4,112.5,0.7099617334244844
STDP,8,5,137.5,0.6130824621185736
STDP,8,6,162.5,0.5188367027278903
STDP,8,7,187.5,0.5284691023892752
STDP,8,8,212.5,0.5893112693973365
STDP,8,9,237.5,0.49927380923281717
STDP,8,10,262.5,0.4670564450416639
STDP,8,11,287.5,0.5477162872258573
STDP,8,12,312.5,0.4906200082439137
STDP,8,13,337.5,0.5325104731083291
STDP,8,14,362.5,0.48616415467159263
STDP,8,15,387.5,0.5196050286855559
STDP,8,16,412.5,0.43444711981337186
STDP,8,17,437.5,0.5452828419871069
STDP,8,18,462.5,0.5283402876707021
STDP,8,19,487.5,0.47614919949916706
T_STDP,8,0,12.5,0.49593081438557635
T_STDP,8,1,37.5,0.4595745916534165
T_STDP,8,2,62.5,0.5863871053073887
T_STDP,8,3,87.5,0.757694775603763
T_STDP,8,4,112.5,0.9056102298679743
T_STDP,8,5,137.5,0.803064304792984
T_STDP,8,6,162.5,0.7467152156146288
T_STDP,8,7,187.5,0.7280477414731436
T_STDP,8,8,212.5,0.7858131993621431
T_STDP,8,9,237.5,0.6384879161158329
T_STDP,8,10,262.5,0.5996825683684326
T_STDP,8,11,287.5,0.6674967504821357
T_STDP,8,12,312.5,0.6314211918852817
T_STDP,8,13,337.5,0.6834979946652311
T_STDP,8,14,362.5,0.6022936696107419
T_STDP,8,15,387.5,0.6597376816535488
T_STDP,8,16,412.5,0.5495272807400443
T_STDP,8,17,437.5,0.6738547387097192
T_STDP,8,18,462.5,0.6355795522119543
T_STDP,8,19,487.5,0.6057538190907552
SRDP,8,0,12.5,0.40511946189421677
SRDP,8,1,37.5,0.4669182477170308
SRDP,8,2,62.5,0.4968617230963912
SRDP,8,3,87.5,0.5813281066075492
SRDP,8,4,112.5,0.6023726784237613
SRDP,8,5,137.5,0.6425266855828884
SRDP,8,6,162.5,0.6481955433185876
SRDP,8,7,187.5,0.7153267678926578
SRDP,8,8,212.5,0.7387754883572725
SRDP,8,9,237.5,0.7472188554935676
SRDP,8,10,262.5,0.7019368365043112
SRDP,8,11,287.5,0.6884993937981351
SRDP,8,12,312.5,0.6938745752853891
SRDP,8,13,337.5,0.7137389918655197
SRDP,8,14,362.5,0.7040519912015081
SRDP,8,15,387.5,0.6940180678300764
SRDP,8,16,412.5,0.6372890320380467
SRDP,8,17,437.5,0.6503144217088072
SRDP,8,18,462.5,0.6320315057179208
SRDP,8,19,487.5,0.6338141166381441
STDP,9,0,12.5,0.5247553249009856
STDP,9,1,37.5,0.5002265993640644
STDP,9,2,62.5,0.4871409133021578
STDP,9,3,87.5,0.6699408947553199
STDP,9,4,112.5,0.6941348341461644
STDP,9,5,137.5,0.682992172732928
STDP,9,6,162.5,0.5039769300135865
STDP,9,7,187.5,0.5226847922234745
STDP,9,8,212.5,0.490358829879857
STDP,9,9,237.5,0.5640429592035293
STDP,9,10,262.5,0.46090459319987837
STDP,9,11,287.5,0.49422238912090033
STDP,9,12,312.5,0.5113128551844974
STDP,9,13,337.5,0.5148696120659391
STDP,9,14,362.5,0.556957317270392
STDP,9,15,387.5,0.5027516756930666
STDP,9,16,412.5,0.4843621643197221
STDP,9,17,437.5,0.5803826995366449
STDP,9,18,462.5,0.5470785896257375
STDP,9,19,487.5,0.5142184716869397
T_STDP,9,0,12.5,0.5526951386246511
T_STDP,9,1,37.5,0.5821608873652225
T_STDP,9,2,62.5,0.7467616945943444
T_STDP,9,3,87.5,0.9626211420274197
T_STDP,9,4,112.5,0.9893841801963119
T_STDP,9,5,137.5,0.9546114785253086
T_STDP,9,6,162.5,0.7798670510909111
T_STDP,9,7,187.5,0.7931402227640925
T_STDP,9,8,212.5,0.7340354109341103
T_STDP,9,9,237.5,0.8341865941231259
T_STDP,9,10,262.5,0.6390356750101138
T_STDP,9,11,287.5,0.6330175673851528
T_STDP,9,12,312.5,0.6444284722678197
T_STDP,9,13,337.5,0.6915940967633419
T_STDP,9,14,362.5,0.7140177346726929
T_STDP,9,15,387.5,0.6228040595477942
T_STDP,9,16,412.5,0.5918354826763955
T_STDP,9,17,437.5,0.7086151633087386
T_STDP,9,18,462.5,0.6628039907218014
T_STDP,9,19,487.5,0.6322539102328836
SRDP,9,0,12.5,0.4850039789264741
SRDP,9,1,37.5,0.6282193284509217
SRDP,9,2,62.5,0.754085879307879
SRDP,9,3,87.5,0.7855341313933268
SRDP,9,4,112.5,0.653725373423891
SRDP,9,5,137.5,0.4962180262339782
SRDP,9,6,162.5,0.3055792396896316
SRDP,9,7,187.5,0.30977981956259665
SRDP,9,8,212.5,0.3165323063506051
SRDP,9,9,237.5,0.4016766892129118
SRDP,9,10,262.5,0.3353525500948382
SRDP,9,11,287.5,0.3402431569871439
SRDP,9,12,312.5,0.3439921411421508
SRDP,9,13,337.5,0.36743876588413216
SRDP,9,14,362.5,0.40940505519427484
SRDP,9,15,387.5,0.38935718555110466
SRDP,9,16,412.5,0.3110350599529486
SRDP,9,17,437.5,0.35790315655852223
SRDP,9,18,462.5,0.34996985150917903
SRDP,9,19,487.5,0.36588624355569876
STDP,10,0,12.5,0.5016215446138466
STDP,10,1,37.5,0.5406804984588888
STDP,10,2,62.5,0.6153048116104007
STDP,10,3,87.5,0.7013517546578929
STDP,10,4,112.5,0.7783325500721234
STDP,10,5,137.5,0.7271776219550331
STDP,10,6,162.5,0.7002632783271941
STDP,10,7,187.5,0.6941493735480518
STDP,10,8,212.5,0.7415794737242525
STDP,10,9,237.5,0.6871294783797475
STDP,10,10,262.5,0.5954282325443353
STDP,10,11,287.5,0.5827756791957482
STDP,10,12,312.5,0.682859550378693
STDP,10,13,337.5,0.6291618635579246
STDP,10,14,362.5,0.556765710162823
STDP,10,15,387.5,0.6130678375493885
STDP,10,16,412.5,0.5405390769918015
STDP,10,17,437.5,0.6044881945379563
STDP,10,18,462.5,0.6568242983087939
STDP,10,19,487.5,0.5644841448002368
T_STDP,10,0,12.5,0.5155246352075793
T_STDP,10,1,37.5,0.5938744891506332
T_STDP,10,2,62.5,0.7181729742573768
T_STDP,10,3,87.5,0.8149343036592236
T_STDP,10,4,112.5,0.8847849824116999
T_STDP,10,5,137.5,0.8266086126705627
T_STDP,10,6,162.5,0.8121681052243381
T_STDP,10,7,187.5,0.8142385436119337
T_STDP,10,8,212.5,0.8514576524768223
T_STDP,10,9,237.5,0.7886837304781498
T_STDP,10,10,262.5,0.6693464216892503
T_STDP,10,11,287.5,0.6474755395119776
T_STDP,10,12,312.5,0.7440693909149889
T_STDP,10,13,337.5,0.6867501606508523
T_STDP,10,14,362.5,0.6007279951644748
T_STDP,10,15,387.5,0.6514912613307177
T_STDP,10,16,412.5,0.5725189989414557
T_STDP,10,17,437.5,0.6506230348815126
T_STDP,10,18,462.5,0.6887735281362778
T_STDP,10,19,487.5,0.6023196717203304
SRDP,10,0,12.5,0.5124536799212678
SRDP,10,1,37.5,0.7708919533951405
SRDP,10,2,62.5,1.0561180775947872
SRDP,10,3,87.5,1.011832658873496
SRDP,10,4,112.5,0.9206744713051189
SRDP,10,5,137.5,0.7367438108619044
SRDP,10,6,162.5,0.6051995852015198
SRDP,10,7,187.5,0.5037712042290906
SRDP,10,8,212.5,0.4607322598267491
SRDP,10,9,237.5,0.390281145596651
SRDP,10,10,262.5,0.2957739957393413
SRDP,10,11,287.5,0.3066570669586862
SRDP,10,12,312.5,0.28328441387631387
SRDP,10,13,337.5,0.30559322769219077
SRDP,10,14,362.5,0.26763215485957753
SRDP,10,15,387.5,0.2540676790763305
SRDP,10,16,412.5,0.2079790622349219
SRDP,10,17,437.5,0.2441827555403325
SRDP,10,18,462.5,0.24438391963742137
SRDP,10,19,487.5,0.26362955961054735
