rule,rep,mean_rate_hz,temporal_sparsity,active_neuron_fraction,effective_dimension,mean_abs_neuron_correlation,class_selectivity,feature_separability,accuracy8,accuracy3,source_file
STDP,1,173.0070625,0.8269929375,0.45115625,1.012515367087846,0.6829019568413175,0.10095301154384921,0.5471892159803612,0.4675,0.71625,C:\Users\haru4\研究\研究コード\code\STDP\STDP_1_sout_rec_rep1.npy
T_STDP,1,129.1190625,0.8708809375,0.40028125,1.0252980661616355,0.7091925622862587,0.0911653111147975,0.6698295750922666,0.5,0.7525,C:\Users\haru4\研究\研究コード\code\T_STDP\T_STDP_1_sout_rec_rep1.npy
SRDP,1,98.9855625,0.9010144375,0.6,1.5777926166734844,0.7507876517248433,0.014561329227275432,0.38915374184976453,0.6525,0.82125,C:\Users\haru4\研究\研究コード\code\SRDP\SRDP_1_sout_rec_rep1.npy
STDP,2,228.3565625,0.7716434375,0.60003125,1.017296230988946,0.9138581825000237,0.03564382914097299,0.47603643336565815,0.45625,0.7525,C:\Users\haru4\研究\研究コード\code\STDP\STDP_1_sout_rec_rep2.npy
T_STDP,2,137.88525,0.86211475,0.438,1.1053897781186233,0.6856283220153986,0.09818371888761124,0.5666562982917761,0.61875,0.8075,C:\Users\haru4\研究\研究コード\code\T_STDP\T_STDP_1_sout_rec_rep2.npy
SRDP,2,88.9195625,0.9110804375,0.6208125,1.7808793180999598,0.6306207988374827,0.0407282541730096,0.4937960940277622,0.67125,0.83875,C:\Users\haru4\研究\研究コード\code\SRDP\SRDP_1_sout_rec_rep2.npy
STDP,3,208.0834375,0.7919165625,0.525125,1.0165071234019367,0.7627559614088042,0.08275011401986779,0.5037480184833907,0.46,0.725,C:\Users\haru4\研究\研究コード\code\STDP\STDP_1_sout_rec_rep3.npy
T_STDP,3,152.0129375,0.8479870625,0.43528125,1.0467363228631534,0.6481113574210464,0.12550942635582338,0.6344581963771124,0.57625,0.80125,C:\Users\haru4\研究\研究コード\code\T_STDP\T_STDP_1_sout_rec_rep3.npy
SRDP,3,85.0080625,0.9149919375,0.54746875,2.080361146593617,0.5040014622380518,0.07747397448647207,0.457082509576898,0.70625,0.86125,C:\Users\haru4\研究\研究コード\code\SRDP\SRDP_1_sout_rec_rep3.npy
STDP,4,237.236875,0.762763125,0.600375,1.0257643177087201,0.7348954253898686,0.10155153913549979,0.5406035840122849,0.5025,0.7475,C:\Users\haru4\研究\研究コード\code\STDP\STDP_1_sout_rec_rep4.npy
T_STDP,4,180.5870625,0.8194129375,0.5505625,1.0578199740847163,0.6216845963026221,0.16384495785579775,0.681315527163589,0.60125,0.81375,C:\Users\haru4\研究\研究コード\code\T_STDP\T_STDP_1_sout_rec_rep4.npy
SRDP,4,91.4271875,0.9085728125,0.62503125,1.2900651570705104,0.6358194226498097,0.11275370751269076,0.47006203527947865,0.70375,0.85625,C:\Users\haru4\研究\研究コード\code\SRDP\SRDP_1_sout_rec_rep4.npy
STDP,5,214.9578125,0.7850421875,0.55,1.0117852291208058,0.993698072513472,0.008155421596647651,0.48444885531445275,0.4325,0.72125,C:\Users\haru4\研究\研究コード\code\STDP\STDP_1_sout_rec_rep5.npy
T_STDP,5,173.5658125,0.8264341875,0.521,1.0306373051104243,0.8985189401095115,0.052140986067349224,0.6088636475490438,0.59125,0.82,C:\Users\haru4\研究\研究コード\code\T_STDP\T_STDP_1_sout_rec_rep5.npy
SRDP,5,76.955375,0.923044625,0.54996875,1.9733663857807873,0.5485752135921782,0.014762533999562292,0.3602416470647928,0.685,0.86125,C:\Users\haru4\研究\研究コード\code\SRDP\SRDP_1_sout_rec_rep5.npy
STDP,6,219.597,0.780403,0.550625,1.007025293711501,0.9110130570481922,0.02007158879044422,0.47693121593178334,0.42875,0.71125,C:\Users\haru4\研究\研究コード\code\STDP\STDP_1_sout_rec_rep6.npy
T_STDP,6,190.4133125,0.8095866875,0.5503125,1.0103166763914428,0.9108553728133513,0.036467575996491794,0.567698617664398,0.5175,0.75625,C:\Users\haru4\研究\研究コード\code\T_STDP\T_STDP_1_sout_rec_rep6.npy
SRDP,6,94.00325,0.90599675,0.60003125,1.2732630168788541,0.7436220055683463,0.05415124115475781,0.44931563216986625,0.64,0.83625,C:\Users\haru4\研究\研究コード\code\SRDP\SRDP_1_sout_rec_rep6.npy
STDP,7,196.801625,0.803198375,0.525,1.0187827384532415,0.9850589803359598,0.009388225519484336,0.5263884252427665,0.52,0.77625,C:\Users\haru4\研究\研究コード\code\STDP\STDP_1_sout_rec_rep7.npy
T_STDP,7,141.7073125,0.8582926875,0.427125,1.0081879325289598,0.7303939019239899,0.08234293428026872,0.649492298759853,0.50375,0.76125,C:\Users\haru4\研究\研究コード\code\T_STDP\T_STDP_1_sout_rec_rep7.npy
SRDP,7,87.99425,0.9120057500000001,0.525,1.6363417513257859,0.7515295887054274,0.016969097672198345,0.38782577792495804,0.62375,0.8325,C:\Users\haru4\研究\研究コード\code\SRDP\SRDP_1_sout_rec_rep7.npy
STDP,8,257.4468125,0.7425531875,0.65003125,1.0124578430924591,0.922311078378182,0.03357787851303386,0.495272696983023,0.50375,0.76625,C:\Users\haru4\研究\研究コード\code\STDP\STDP_1_sout_rec_rep8.npy
T_STDP,8,200.577125,0.799422875,0.58675,1.019510462006066,0.7882676130353082,0.10743327990500906,0.6433546692782937,0.5925,0.80875,C:\Users\haru4\研究\研究コード\code\T_STDP\T_STDP_1_sout_rec_rep8.npy
SRDP,8,108.8540625,0.8911459375,0.725,1.2832493838110821,0.774250757785679,0.0587578212410048,0.6553688305456432,0.69875,0.8625,C:\Users\haru4\研究\研究コード\code\SRDP\SRDP_1_sout_rec_rep8.npy
STDP,9,232.057875,0.767942125,0.6000625,1.0200270015849724,0.8463520619227168,0.05961208261893949,0.53285152159103,0.465,0.7425,C:\Users\haru4\研究\研究コード\code\STDP\STDP_1_sout_rec_rep9.npy
T_STDP,9,162.8598125,0.8371401875,0.50025,1.0265721072558638,0.6427756616905788,0.14739983083320338,0.7083294315597324,0.565,0.79125,C:\Users\haru4\研究\研究コード\code\T_STDP\T_STDP_1_sout_rec_rep9.npy
SRDP,9,107.2736875,0.8927263125,0.62503125,1.5274234784229697,0.7309788003402864,0.043747547698044134,0.4114121860235832,0.61,0.8175,C:\Users\haru4\研究\研究コード\code\SRDP\SRDP_1_sout_rec_rep9.npy
STDP,10,206.828875,0.793171125,0.575,1.0354993778745767,0.9863806293270949,0.01759476525199028,0.6248995453898321,0.5175,0.775,C:\Users\haru4\研究\研究コード\code\STDP\STDP_1_sout_rec_rep10.npy
T_STDP,10,163.3538125,0.8366461875,0.5005,1.0190934934332023,0.7654034200786635,0.09023343877071137,0.6962916075527924,0.50625,0.75625,C:\Users\haru4\研究\研究コード\code\T_STDP\T_STDP_1_sout_rec_rep10.npy
SRDP,10,82.6198125,0.9173801875,0.59921875,1.9108045588192246,0.6092811003991105,0.05779857489269069,0.48419149890931695,0.67125,0.8475,C:\Users\haru4\研究\研究コード\code\SRDP\SRDP_1_sout_rec_rep10.npy
