rule,rep,lag_windows,lag_ms,same_class_cosine_similarity
STDP,1,0,0,1.0
STDP,1,1,25,0.9998494963066079
STDP,1,2,50,0.9997982859545252
STDP,1,3,75,0.9997807037332133
STDP,1,4,100,0.9997764670674743
STDP,1,5,125,0.9997490330428002
STDP,1,6,150,0.9997159237694472
STDP,1,7,175,0.9997044189619259
STDP,1,8,200,0.9996794178739172
STDP,1,9,225,0.9996421104808175
STDP,1,10,250,0.9996072030322353
STDP,1,11,275,0.9995784693071516
STDP,1,12,300,0.9995366401222532
STDP,1,13,325,0.9994776831695755
STDP,1,14,350,0.99938480882892
STDP,1,15,375,0.99927643108871
STDP,1,16,400,0.999139523303874
STDP,1,17,425,0.9989180928623277
STDP,1,18,450,0.9983752944436854
STDP,1,19,475,0.9969237602757122
T_STDP,1,0,0,1.0
T_STDP,1,1,25,0.9997998616440441
T_STDP,1,2,50,0.9996971416605701
T_STDP,1,3,75,0.9996297958233576
T_STDP,1,4,100,0.9995635368305228
T_STDP,1,5,125,0.9994556298616601
T_STDP,1,6,150,0.9993226368976733
T_STDP,1,7,175,0.9991982440729856
T_STDP,1,8,200,0.9990782342861374
T_STDP,1,9,225,0.9989218973244973
T_STDP,1,10,250,0.9987458708851005
T_STDP,1,11,275,0.9985470422522541
T_STDP,1,12,300,0.9983667687256074
T_STDP,1,13,325,0.9981683583005381
T_STDP,1,14,350,0.9979179423402562
T_STDP,1,15,375,0.9976202586629153
T_STDP,1,16,400,0.997217421457471
T_STDP,1,17,425,0.9968108135546472
T_STDP,1,18,450,0.9962597417694405
T_STDP,1,19,475,0.9948844307573885
SRDP,1,0,0,1.0
SRDP,1,1,25,0.9986437700075834
SRDP,1,2,50,0.996524325109563
SRDP,1,3,75,0.9934382455474643
SRDP,1,4,100,0.9893978027646306
SRDP,1,5,125,0.9843434037239301
SRDP,1,6,150,0.9779510188182599
SRDP,1,7,175,0.9703380950510596
SRDP,1,8,200,0.9618231468185616
SRDP,1,9,225,0.9526713314949266
SRDP,1,10,250,0.9429077563086306
SRDP,1,11,275,0.9322285701300052
SRDP,1,12,300,0.921908409497326
SRDP,1,13,325,0.9125029105842378
SRDP,1,14,350,0.9038449956911151
SRDP,1,15,375,0.8950160749021278
SRDP,1,16,400,0.8849693949696873
SRDP,1,17,425,0.8750443025645537
SRDP,1,18,450,0.8650346999032836
SRDP,1,19,475,0.8455024321367925
STDP,2,0,0,1.0
STDP,2,1,25,0.9997817364808554
STDP,2,2,50,0.9996839387316994
STDP,2,3,75,0.9996412390974451
STDP,2,4,100,0.9995965507188973
STDP,2,5,125,0.9995559921819106
STDP,2,6,150,0.9995102430638185
STDP,2,7,175,0.99947092940028
STDP,2,8,200,0.9994254490568725
STDP,2,9,225,0.9993756692573554
STDP,2,10,250,0.9993033550776715
STDP,2,11,275,0.9992254746332454
STDP,2,12,300,0.9991361178949798
STDP,2,13,325,0.9990346975787865
STDP,2,14,350,0.9988583784858235
STDP,2,15,375,0.9986420172905429
STDP,2,16,400,0.9983077537143058
STDP,2,17,425,0.9978460491621183
STDP,2,18,450,0.9968432175608247
STDP,2,19,475,0.9943327496664857
T_STDP,2,0,0,1.0
T_STDP,2,1,25,0.9994055430203689
T_STDP,2,2,50,0.9986312520104631
T_STDP,2,3,75,0.9980346990340645
T_STDP,2,4,100,0.9975704328659407
T_STDP,2,5,125,0.997090996347957
T_STDP,2,6,150,0.996583220419811
T_STDP,2,7,175,0.9960431011146333
T_STDP,2,8,200,0.9954936526777773
T_STDP,2,9,225,0.9949371402476376
T_STDP,2,10,250,0.9943336623309978
T_STDP,2,11,275,0.9937076062186591
T_STDP,2,12,300,0.9931761561884205
T_STDP,2,13,325,0.9927396416387403
T_STDP,2,14,350,0.9925010545794866
T_STDP,2,15,375,0.992527863885871
T_STDP,2,16,400,0.9929357150851035
T_STDP,2,17,425,0.9938720579213767
T_STDP,2,18,450,0.9947112513675542
T_STDP,2,19,475,0.9931916120264908
SRDP,2,0,0,1.0
SRDP,2,1,25,0.997839628256211
SRDP,2,2,50,0.9949933013438191
SRDP,2,3,75,0.9910103814875337
SRDP,2,4,100,0.9858434600171629
SRDP,2,5,125,0.9794059810544419
SRDP,2,6,150,0.9722356151611999
SRDP,2,7,175,0.9639798854008512
SRDP,2,8,200,0.9550122190229731
SRDP,2,9,225,0.9458681872426887
SRDP,2,10,250,0.9361062601708561
SRDP,2,11,275,0.9249611638495703
SRDP,2,12,300,0.9131536084007641
SRDP,2,13,325,0.9022615887738354
SRDP,2,14,350,0.8910550519210294
SRDP,2,15,375,0.8770692165666528
SRDP,2,16,400,0.8622027769477716
SRDP,2,17,425,0.8431102117092206
SRDP,2,18,450,0.818532543542168
SRDP,2,19,475,0.7752586720324399
STDP,3,0,0,1.0
STDP,3,1,25,0.9998697395838021
STDP,3,2,50,0.9998259451025098
STDP,3,3,75,0.9998030101429077
STDP,3,4,100,0.9997824608778835
STDP,3,5,125,0.9997658443983201
STDP,3,6,150,0.9997302568393194
STDP,3,7,175,0.9997098801867098
STDP,3,8,200,0.9996843078850844
STDP,3,9,225,0.9996462860722496
STDP,3,10,250,0.9996157462454726
STDP,3,11,275,0.9995880075613783
STDP,3,12,300,0.9995685529366944
STDP,3,13,325,0.9995319702603499
STDP,3,14,350,0.9994775933341621
STDP,3,15,375,0.9993867754400444
STDP,3,16,400,0.9992839820551962
STDP,3,17,425,0.9991306611535675
STDP,3,18,450,0.9988124026164972
STDP,3,19,475,0.9977146725679653
T_STDP,3,0,0,1.0
T_STDP,3,1,25,0.999777766789628
T_STDP,3,2,50,0.9995103729956971
T_STDP,3,3,75,0.9992569687593691
T_STDP,3,4,100,0.9990805390136559
T_STDP,3,5,125,0.9988999433436182
T_STDP,3,6,150,0.9986758629996009
T_STDP,3,7,175,0.9984761036508873
T_STDP,3,8,200,0.9983324903806788
T_STDP,3,9,225,0.9981764080619545
T_STDP,3,10,250,0.9979635112491231
T_STDP,3,11,275,0.9977720562880871
T_STDP,3,12,300,0.9976718660494572
T_STDP,3,13,325,0.9976764968681854
T_STDP,3,14,350,0.9977261583183145
T_STDP,3,15,375,0.9978400400882469
T_STDP,3,16,400,0.9980522117352874
T_STDP,3,17,425,0.9983437628785978
T_STDP,3,18,450,0.998160966015925
T_STDP,3,19,475,0.9969885997278338
SRDP,3,0,0,1.0
SRDP,3,1,25,0.9981888075019866
SRDP,3,2,50,0.9955740033548192
SRDP,3,3,75,0.9921357080032427
SRDP,3,4,100,0.9878635326754575
SRDP,3,5,125,0.982625052042556
SRDP,3,6,150,0.9764599379768232
SRDP,3,7,175,0.9691440381705676
SRDP,3,8,200,0.9615279059099716
SRDP,3,9,225,0.9536572372384712
SRDP,3,10,250,0.9450504412711321
SRDP,3,11,275,0.9351922980739062
SRDP,3,12,300,0.92478531666712
SRDP,3,13,325,0.9153851703763547
SRDP,3,14,350,0.9073298455217422
SRDP,3,15,375,0.8971282119796079
SRDP,3,16,400,0.8860577742844111
SRDP,3,17,425,0.8737665606355046
SRDP,3,18,450,0.8618217750171765
SRDP,3,19,475,0.8434058403510816
STDP,4,0,0,1.0
STDP,4,1,25,0.9997894396168409
STDP,4,2,50,0.9997024511984082
STDP,4,3,75,0.9996720647544961
STDP,4,4,100,0.9996419408868817
STDP,4,5,125,0.9996122435935447
STDP,4,6,150,0.999570982857845
STDP,4,7,175,0.9995413989185804
STDP,4,8,200,0.9995213863403393
STDP,4,9,225,0.999458286331469
STDP,4,10,250,0.9994019256728581
STDP,4,11,275,0.9993524504619944
STDP,4,12,300,0.999291493735914
STDP,4,13,325,0.9991868444057553
STDP,4,14,350,0.9990783441027874
STDP,4,15,375,0.9989096778244984
STDP,4,16,400,0.998733241838093
STDP,4,17,425,0.9984267443979821
STDP,4,18,450,0.9978047941761912
STDP,4,19,475,0.9960284288741064
T_STDP,4,0,0,1.0
T_STDP,4,1,25,0.9995474289705663
T_STDP,4,2,50,0.9992819914939619
T_STDP,4,3,75,0.9991392982406874
T_STDP,4,4,100,0.9990075078477757
T_STDP,4,5,125,0.9988398908454665
T_STDP,4,6,150,0.9986475327245756
T_STDP,4,7,175,0.9984849155953202
T_STDP,4,8,200,0.9983173453508982
T_STDP,4,9,225,0.9980700482755392
T_STDP,4,10,250,0.9978155086160003
T_STDP,4,11,275,0.9975782762111147
T_STDP,4,12,300,0.9972773251702202
T_STDP,4,13,325,0.9969615100569633
T_STDP,4,14,350,0.9966036344565348
T_STDP,4,15,375,0.9961828772148739
T_STDP,4,16,400,0.9955886824956992
T_STDP,4,17,425,0.9948655971767716
T_STDP,4,18,450,0.9935805164794075
T_STDP,4,19,475,0.9899813540900825
SRDP,4,0,0,1.0
SRDP,4,1,25,0.9979058928220191
SRDP,4,2,50,0.9949693866435747
SRDP,4,3,75,0.9912974459801472
SRDP,4,4,100,0.9873500425742148
SRDP,4,5,125,0.9824491611637368
SRDP,4,6,150,0.9768944361377594
SRDP,4,7,175,0.9709847006748168
SRDP,4,8,200,0.9656618041229713
SRDP,4,9,225,0.9609565950832046
SRDP,4,10,250,0.955505261951964
SRDP,4,11,275,0.9491144579115198
SRDP,4,12,300,0.9425474770552875
SRDP,4,13,325,0.9370981927463272
SRDP,4,14,350,0.9323570177682173
SRDP,4,15,375,0.92706427620144
SRDP,4,16,400,0.9207189383365975
SRDP,4,17,425,0.9119678378190604
SRDP,4,18,450,0.9061008990633403
SRDP,4,19,475,0.8939837211687051
STDP,5,0,0,1.0
STDP,5,1,25,0.9998609874784661
STDP,5,2,50,0.9998060701330098
STDP,5,3,75,0.9997795433541006
STDP,5,4,100,0.9997570259727395
STDP,5,5,125,0.9997251066467343
STDP,5,6,150,0.9997011036727577
STDP,5,7,175,0.9996703294626165
STDP,5,8,200,0.9996329277018025
STDP,5,9,225,0.99959414134801
STDP,5,10,250,0.999546378020504
STDP,5,11,275,0.9994877007619571
STDP,5,12,300,0.999425324037696
STDP,5,13,325,0.9993414621161705
STDP,5,14,350,0.9992405827106577
STDP,5,15,375,0.9990881096549215
STDP,5,16,400,0.9989040186666587
STDP,5,17,425,0.9986277381985733
STDP,5,18,450,0.9980699227088071
STDP,5,19,475,0.9964032973056982
T_STDP,5,0,0,1.0
T_STDP,5,1,25,0.9996857603345266
T_STDP,5,2,50,0.9993495747380527
T_STDP,5,3,75,0.9990212887871749
T_STDP,5,4,100,0.9987934973821029
T_STDP,5,5,125,0.9985905505682703
T_STDP,5,6,150,0.9983872571856239
T_STDP,5,7,175,0.9981632828108054
T_STDP,5,8,200,0.9979592138446295
T_STDP,5,9,225,0.997744457720864
T_STDP,5,10,250,0.9975174280942959
T_STDP,5,11,275,0.9972889696494508
T_STDP,5,12,300,0.9970803060025596
T_STDP,5,13,325,0.9969541840530989
T_STDP,5,14,350,0.9968369419846407
T_STDP,5,15,375,0.9967724700428287
T_STDP,5,16,400,0.9967289566038258
T_STDP,5,17,425,0.9966114586814937
T_STDP,5,18,450,0.9956544395184929
T_STDP,5,19,475,0.9927823020117345
SRDP,5,0,0,1.0
SRDP,5,1,25,0.9963580916626282
SRDP,5,2,50,0.9897834708735663
SRDP,5,3,75,0.9796688393183476
SRDP,5,4,100,0.9659614819384167
SRDP,5,5,125,0.9478541758210074
SRDP,5,6,150,0.9258758071501868
SRDP,5,7,175,0.9005913401898886
SRDP,5,8,200,0.8720692458319989
SRDP,5,9,225,0.8420463335836181
SRDP,5,10,250,0.8099017494623206
SRDP,5,11,275,0.7786902227729533
SRDP,5,12,300,0.7490578225826128
SRDP,5,13,325,0.7229801380919696
SRDP,5,14,350,0.699601435681357
SRDP,5,15,375,0.677211106640162
SRDP,5,16,400,0.6552515869750264
SRDP,5,17,425,0.6301545739814386
SRDP,5,18,450,0.6080826157808958
SRDP,5,19,475,0.5782053866988791
STDP,6,0,0,1.0
STDP,6,1,25,0.9999005222553429
STDP,6,2,50,0.999864452200663
STDP,6,3,75,0.9998476124387979
STDP,6,4,100,0.9998361016224624
STDP,6,5,125,0.9998183325296838
STDP,6,6,150,0.9998033495966345
STDP,6,7,175,0.9997861355752753
STDP,6,8,200,0.9997643312474148
STDP,6,9,225,0.9997432959910416
STDP,6,10,250,0.999708763356318
STDP,6,11,275,0.9996792006741771
STDP,6,12,300,0.9996444449053954
STDP,6,13,325,0.9995828449482778
STDP,6,14,350,0.99951609362768
STDP,6,15,375,0.9994231551071877
STDP,6,16,400,0.999305983417254
STDP,6,17,425,0.9990962088163493
STDP,6,18,450,0.9987001781813347
STDP,6,19,475,0.9976534035519679
T_STDP,6,0,0,1.0
T_STDP,6,1,25,0.9998744267766566
T_STDP,6,2,50,0.9998311301689731
T_STDP,6,3,75,0.9998071578504979
T_STDP,6,4,100,0.9997833467421977
T_STDP,6,5,125,0.9997412185414807
T_STDP,6,6,150,0.9996991638904341
T_STDP,6,7,175,0.9996582581108607
T_STDP,6,8,200,0.9996094958813023
T_STDP,6,9,225,0.9995417161015495
T_STDP,6,10,250,0.9994795136375216
T_STDP,6,11,275,0.9994197029890768
T_STDP,6,12,300,0.9993457145720409
T_STDP,6,13,325,0.9992645973464421
T_STDP,6,14,350,0.9991908283233674
T_STDP,6,15,375,0.9991124148158562
T_STDP,6,16,400,0.999024525031128
T_STDP,6,17,425,0.998926992474626
T_STDP,6,18,450,0.9987656848984954
T_STDP,6,19,475,0.9981704088921004
SRDP,6,0,0,1.0
SRDP,6,1,25,0.9985807561246741
SRDP,6,2,50,0.9965932718410954
SRDP,6,3,75,0.994247046426702
SRDP,6,4,100,0.9915905501831006
SRDP,6,5,125,0.9886086160507437
SRDP,6,6,150,0.9855033388505321
SRDP,6,7,175,0.9824517132131704
SRDP,6,8,200,0.9794660288663263
SRDP,6,9,225,0.9764570372875853
SRDP,6,10,250,0.9731625029517346
SRDP,6,11,275,0.9695886079309387
SRDP,6,12,300,0.9655835843327424
SRDP,6,13,325,0.9611334874943793
SRDP,6,14,350,0.9562742976941946
SRDP,6,15,375,0.9514924741700149
SRDP,6,16,400,0.9472485346313052
SRDP,6,17,425,0.9450958589854602
SRDP,6,18,450,0.946500879627351
SRDP,6,19,475,0.9495017460504087
STDP,7,0,0,1.0
STDP,7,1,25,0.9998002695694199
STDP,7,2,50,0.999720676800663
STDP,7,3,75,0.9996868218903643
STDP,7,4,100,0.9996590044437172
STDP,7,5,125,0.9996231695111605
STDP,7,6,150,0.9995797144031252
STDP,7,7,175,0.9995361469416177
STDP,7,8,200,0.9994926921399047
STDP,7,9,225,0.9994241812654863
STDP,7,10,250,0.999361489252865
STDP,7,11,275,0.9992932908355381
STDP,7,12,300,0.9991991354554558
STDP,7,13,325,0.9990720455828518
STDP,7,14,350,0.9989374760352727
STDP,7,15,375,0.9987294684878831
STDP,7,16,400,0.9984838305705033
STDP,7,17,425,0.9980844732394866
STDP,7,18,450,0.9973415409986178
STDP,7,19,475,0.995224904950522
T_STDP,7,0,0,1.0
T_STDP,7,1,25,0.9998270158331127
T_STDP,7,2,50,0.9997577932127809
T_STDP,7,3,75,0.9997223146275194
T_STDP,7,4,100,0.9996878461353161
T_STDP,7,5,125,0.9996575510953912
T_STDP,7,6,150,0.9996138475303792
T_STDP,7,7,175,0.9995734636695117
T_STDP,7,8,200,0.9995306757532649
T_STDP,7,9,225,0.9994711214930535
T_STDP,7,10,250,0.9994222222624234
T_STDP,7,11,275,0.999382418965213
T_STDP,7,12,300,0.9993144106908871
T_STDP,7,13,325,0.9992326850242106
T_STDP,7,14,350,0.9991381268172926
T_STDP,7,15,375,0.9990073548740069
T_STDP,7,16,400,0.9988806235399597
T_STDP,7,17,425,0.9986727592185773
T_STDP,7,18,450,0.99820716439557
T_STDP,7,19,475,0.9968284612915657
SRDP,7,0,0,1.0
SRDP,7,1,25,0.9991756965782089
SRDP,7,2,50,0.9982217221247921
SRDP,7,3,75,0.9969623152027758
SRDP,7,4,100,0.9953655868869815
SRDP,7,5,125,0.9934534626284524
SRDP,7,6,150,0.991195272995286
SRDP,7,7,175,0.9886862896821189
SRDP,7,8,200,0.985951694796376
SRDP,7,9,225,0.9829350736050941
SRDP,7,10,250,0.9795177201537479
SRDP,7,11,275,0.9758080690400845
SRDP,7,12,300,0.9717246151411791
SRDP,7,13,325,0.9675300983587659
SRDP,7,14,350,0.9633589756104005
SRDP,7,15,375,0.9585722864959919
SRDP,7,16,400,0.9531839619344575
SRDP,7,17,425,0.9479773281509933
SRDP,7,18,450,0.9428193854421454
SRDP,7,19,475,0.9351704609005964
STDP,8,0,0,1.0
STDP,8,1,25,0.9998631921770779
STDP,8,2,50,0.9998135856887718
STDP,8,3,75,0.9997930678948294
STDP,8,4,100,0.999773912672956
STDP,8,5,125,0.9997579582564112
STDP,8,6,150,0.9997392284555804
STDP,8,7,175,0.9997162774101024
STDP,8,8,200,0.9996892497692148
STDP,8,9,225,0.9996542423831328
STDP,8,10,250,0.9996152135643136
STDP,8,11,275,0.9995731733549972
STDP,8,12,300,0.9995268639069356
STDP,8,13,325,0.999458674263827
STDP,8,14,350,0.9993667752577693
STDP,8,15,375,0.9992465145710614
STDP,8,16,400,0.9990455745004745
STDP,8,17,425,0.9987827770386692
STDP,8,18,450,0.998245612729307
STDP,8,19,475,0.996741739277768
T_STDP,8,0,0,1.0
T_STDP,8,1,25,0.9996982442671704
T_STDP,8,2,50,0.9994160630300103
T_STDP,8,3,75,0.9992410583940061
T_STDP,8,4,100,0.9991522141532154
T_STDP,8,5,125,0.9990615492785871
T_STDP,8,6,150,0.9989942984288103
T_STDP,8,7,175,0.9989362832898115
T_STDP,8,8,200,0.9988385891694499
T_STDP,8,9,225,0.9986920168098418
T_STDP,8,10,250,0.9985478872132194
T_STDP,8,11,275,0.9983808297325586
T_STDP,8,12,300,0.9981881517242146
T_STDP,8,13,325,0.9979703406539057
T_STDP,8,14,350,0.997773553934401
T_STDP,8,15,375,0.997633317911905
T_STDP,8,16,400,0.9974862444510697
T_STDP,8,17,425,0.9974972151164785
T_STDP,8,18,450,0.9971087388711543
T_STDP,8,19,475,0.9950458992661136
SRDP,8,0,0,1.0
SRDP,8,1,25,0.9982499159716497
SRDP,8,2,50,0.9961920205939836
SRDP,8,3,75,0.9939775971479667
SRDP,8,4,100,0.9917774540886798
SRDP,8,5,125,0.9890441794884672
SRDP,8,6,150,0.9860626103415768
SRDP,8,7,175,0.9830522944989671
SRDP,8,8,200,0.9798523911142875
SRDP,8,9,225,0.9764682955064394
SRDP,8,10,250,0.9728022829045724
SRDP,8,11,275,0.9688038825384184
SRDP,8,12,300,0.9652677995308808
SRDP,8,13,325,0.9624474822192038
SRDP,8,14,350,0.9601473295377397
SRDP,8,15,375,0.9576033186546873
SRDP,8,16,400,0.9538179268830544
SRDP,8,17,425,0.9508280205245726
SRDP,8,18,450,0.9493271462306645
SRDP,8,19,475,0.9460973578675398
STDP,9,0,0,1.0
STDP,9,1,25,0.9997869744184739
STDP,9,2,50,0.9997140877158935
STDP,9,3,75,0.999683958598677
STDP,9,4,100,0.9996591477889004
STDP,9,5,125,0.9996325427208771
STDP,9,6,150,0.9995985928774839
STDP,9,7,175,0.9995611936557331
STDP,9,8,200,0.9995351789879857
STDP,9,9,225,0.9995023128970453
STDP,9,10,250,0.9994509807925075
STDP,9,11,275,0.9994022576347505
STDP,9,12,300,0.9993207923643794
STDP,9,13,325,0.9992384343244423
STDP,9,14,350,0.9991317427434888
STDP,9,15,375,0.9989573943940657
STDP,9,16,400,0.9987325019594832
STDP,9,17,425,0.9984157599636395
STDP,9,18,450,0.9976935778753285
STDP,9,19,475,0.9955279658692582
T_STDP,9,0,0,1.0
T_STDP,9,1,25,0.9997183248763543
T_STDP,9,2,50,0.9995628685703315
T_STDP,9,3,75,0.9994750482805981
T_STDP,9,4,100,0.9994100993012804
T_STDP,9,5,125,0.9993298264166722
T_STDP,9,6,150,0.9992152493213878
T_STDP,9,7,175,0.9991286686882492
T_STDP,9,8,200,0.9990389802406477
T_STDP,9,9,225,0.9989463722349256
T_STDP,9,10,250,0.9988306155036657
T_STDP,9,11,275,0.9986970569311703
T_STDP,9,12,300,0.9985659206285181
T_STDP,9,13,325,0.998366108604861
T_STDP,9,14,350,0.9981491753369583
T_STDP,9,15,375,0.9978428880957168
T_STDP,9,16,400,0.9973945041633835
T_STDP,9,17,425,0.9967520734378817
T_STDP,9,18,450,0.9956486918060067
T_STDP,9,19,475,0.9926237421183316
SRDP,9,0,0,1.0
SRDP,9,1,25,0.9991630632838312
SRDP,9,2,50,0.9983800818673971
SRDP,9,3,75,0.9973416509026554
SRDP,9,4,100,0.9959951224659831
SRDP,9,5,125,0.9942674424611454
SRDP,9,6,150,0.9921446392056684
SRDP,9,7,175,0.9897817474043252
SRDP,9,8,200,0.987145323805275
SRDP,9,9,225,0.9843105691175588
SRDP,9,10,250,0.9811554663586664
SRDP,9,11,275,0.9779289767681417
SRDP,9,12,300,0.9745715841394409
SRDP,9,13,325,0.9711777768208621
SRDP,9,14,350,0.9680098116070012
SRDP,9,15,375,0.9651860650087449
SRDP,9,16,400,0.9625548010427791
SRDP,9,17,425,0.9604203453810448
SRDP,9,18,450,0.9581080438359587
SRDP,9,19,475,0.954198534770972
STDP,10,0,0,1.0
STDP,10,1,25,0.9996008921771121
STDP,10,2,50,0.9994261740271229
STDP,10,3,75,0.9993310214107791
STDP,10,4,100,0.9992496615489097
STDP,10,5,125,0.9991673857257986
STDP,10,6,150,0.9990823560528183
STDP,10,7,175,0.9990157196780779
STDP,10,8,200,0.9989547879723624
STDP,10,9,225,0.9988245059970182
STDP,10,10,250,0.9987375279521311
STDP,10,11,275,0.9986476409480238
STDP,10,12,300,0.9985286490948095
STDP,10,13,325,0.9983254317496121
STDP,10,14,350,0.9981118898019595
STDP,10,15,375,0.9978767682874086
STDP,10,16,400,0.9974562177534936
STDP,10,17,425,0.9967625832654511
STDP,10,18,450,0.9955378489849818
STDP,10,19,475,0.9915484994758694
T_STDP,10,0,0,1.0
T_STDP,10,1,25,0.9995684129553941
T_STDP,10,2,50,0.9993144178031004
T_STDP,10,3,75,0.9991585057169103
T_STDP,10,4,100,0.999026447771785
T_STDP,10,5,125,0.9988886521218466
T_STDP,10,6,150,0.998769377714787
T_STDP,10,7,175,0.9986349952292225
T_STDP,10,8,200,0.9985056579961379
T_STDP,10,9,225,0.9983046407980638
T_STDP,10,10,250,0.9981489331010718
T_STDP,10,11,275,0.9979632475660486
T_STDP,10,12,300,0.9977886625295582
T_STDP,10,13,325,0.9974843145457059
T_STDP,10,14,350,0.9971370004797008
T_STDP,10,15,375,0.996776566809016
T_STDP,10,16,400,0.996087643353021
T_STDP,10,17,425,0.995134868954764
T_STDP,10,18,450,0.9933192569788656
T_STDP,10,19,475,0.9881299158423031
SRDP,10,0,0,1.0
SRDP,10,1,25,0.9977945955596927
SRDP,10,2,50,0.9949058012783658
SRDP,10,3,75,0.9907673730370061
SRDP,10,4,100,0.9852593799723566
SRDP,10,5,125,0.978157742245224
SRDP,10,6,150,0.9698840508114773
SRDP,10,7,175,0.9604537858602058
SRDP,10,8,200,0.9500763430464935
SRDP,10,9,225,0.9392809050098395
SRDP,10,10,250,0.9276269890586132
SRDP,10,11,275,0.9146138045280485
SRDP,10,12,300,0.9007709689645291
SRDP,10,13,325,0.8873999131353857
SRDP,10,14,350,0.8748168962498638
SRDP,10,15,375,0.8630979724262803
SRDP,10,16,400,0.8528963475963088
SRDP,10,17,425,0.8431656018091814
SRDP,10,18,450,0.8354506618692152
SRDP,10,19,475,0.8298304009269981
