start,generation,candidate,objective,accuracy8_overall_mean,accuracy8_overall_std,accuracy8_overall_variance,accuracy3_overall_mean,accuracy3_overall_std,accuracy3_overall_variance,fisher_ratio_DR_mean,mean_total_spikes_per_trial,std_total_spikes_per_trial,total_spikes_all_trials,spike_base,spike_ratio,active_neuron_count,silent_neuron_count,total_neuron_count,silent_neuron_fraction,n_liq,r_inh_liq,merkel_p,meissner_p,merkel_gain,meissner_gain,RI_opt_gain,SI_opt_gain,USI_opt_gain,merkel_opt_gain,meissner_opt_gain,rec_p_ee,rec_p_ei,rec_p_ie,rec_p_ii,rec_gain_ee,rec_gain_ei,rec_gain_ie,rec_gain_ii,lif_tau_exc,lif_tau_inh,lif_ref_exc,lif_ref_inh,lif_bias,syn_tau_r,syn_tau_d
1,1,1,63.24729762007989,0.6750000000000002,1.1390647892519134e-16,1.297468594113506e-32,1.0,0.0,0.0,0.43281987992008714,655900.5875,6307.695088859241,52472047.0,5000.0,131.1801175,1000,0,1000,0.0,1000,0.11372143769531394,0.09951560167558465,0.04973713351776191,0.05985773214235209,0.039766363533432214,1.0866514657116781,0.5562425360821087,0.2298928319334411,0.05,1.3961604829276824,0.07054064990177987,0.034025411419240585,0.045618558796100904,0.03823919704550425,1.0,0.24050546669109668,0.045374885598045554,0.036741253990630475,50.0,2.0,0.5,2.8970812241410546,-64.80369590153613,0.5,9.731297559197067
1,1,2,-45.08617984014587,0.85,0.0,0.0,0.9750000000000002,2.278129578503827e-16,5.189874376454024e-32,0.6913098401458642,203025.65,29204.817540470136,16242052.0,5000.0,40.605129999999996,1000,0,1000,0.0,1000,0.18053918035355704,0.03498926952044394,0.019925719309548857,0.07799381450961426,0.08562730467023874,2.9073005518986133,0.5531133598717841,1.1307379227568446,1.2318358784234817,20.0,0.05860552803263062,0.06831922221089398,0.09174561706525106,0.0945863693850466,0.057444723767022796,0.5247704517941166,0.03388489005516243,0.16109519716030923,4.479658262443546,3.729384423227288,1.4058772333952447,3.254207318619036,-65.01334870250359,0.5,67.22666996410585
1,1,3,9.114933670896358,0.6374999999999998,1.1390647892519134e-16,1.297468594113506e-32,1.0,0.0,0.0,0.22483402231209032,343786.075,39282.07809436799,27502886.0,5000.0,68.757215,817,37,854,0.04332552693208431,854,0.16313907248965004,0.07165341329902444,0.08461375678340081,0.07114057203572467,0.1386497274667792,1.0602729128588373,4.7128294146436,5.105359141166746,0.3458167516201115,14.046377000639565,0.05994157563271943,0.05649516468311645,0.04181193823966433,0.040854026531341604,0.06528201152288432,0.029735946710760557,0.005,0.42259292155793937,2.0,11.142819559932075,0.9419188814518294,1.280353277045669,-65.29787307682548,0.5,22.494185904144977
1,1,4,10.932516552467256,0.11249999999999998,2.8476619731297836e-17,8.109178713209412e-34,0.5999999999999999,1.1390647892519134e-16,1.297468594113506e-32,0.12781594753274722,111551.6625,12818.683059931742,8924133.0,5000.0,22.3103325,1000,0,1000,0.0,1000,0.2589209121259852,0.050983884738847865,0.05454789616995083,0.05175960228943937,0.02239717515261772,9.730303598584792,5.6924117379724635,0.24670070503608343,0.8966819033761776,2.8697882441060485,0.050456609210924486,0.06386617388546585,0.05082842726630672,0.04678091491051276,0.16731740274981052,0.14011142642479055,0.14474811005970667,0.005,6.454534644573246,20.767769968553278,2.9599756847793643,10.0,-63.67652454022003,0.8590248238311711,86.45331021685183
1,1,5,68.87856800827268,0.03749999999999999,7.119154932824459e-18,5.068236695755882e-35,0.375,0.0,0.0,0.09433449172732723,363614.5125,41222.40815719434,29089161.0,5000.0,72.7229025,1000,0,1000,0.0,1000,0.1290803962883899,0.069921686069823,0.030999386466074905,0.014564746002735687,0.021988484484840354,0.5655191201985749,0.37017553814517973,2.895199842577272,3.0840129036628525,1.2694155198200072,0.1299012068813212,0.0573679010525299,0.04708577669274148,0.07637449859601085,0.6666329160078105,1.0,0.18525335113820518,1.0,2.0,10.95127107822281,1.2460411453065157,1.8516449442854743,-65.57415682201821,10.0,100.0
1,1,6,-20.857352033051164,0.9125000000000002,2.278129578503827e-16,5.189874376454024e-32,1.0,0.0,0.0,3.3038845330511544,44982.6625,10748.025679099206,3598613.0,5000.0,8.996532499999999,353,647,1000,0.647,1000,0.2353643381231264,0.06630451748265913,0.029968829490916567,0.0855160547153234,0.30166577793200894,2.3588833498437514,2.3744990825448027,0.2689627432618829,0.5363145138277261,0.7355174492916968,0.05250126956977711,0.07895705833040799,0.1148790262338966,0.04469006033074153,0.09793971510992086,0.1518425491354932,0.04652702216868022,0.017945189310432187,50.0,18.461890848996497,9.026089056713314,0.5,-64.84491875276379,1.2752921767520196,11.80896677734406
1,1,7,-82.63995447863107,0.9375,0.0,0.0,0.9875000000000002,1.1390647892519134e-16,1.297468594113506e-32,1.5494553481962905,45906.2,2852.6166730818045,3672496.0,5000.0,9.181239999999999,111,4,115,0.034782608695652174,115,0.25378826348921885,0.03769936980769209,0.04218697306545852,0.05161842408689256,0.2525186673408152,0.40375397307940103,0.6527589355297375,2.2390752693468396,20.0,4.05018096277138,0.08555360576456224,0.06988266640310176,0.06125773323822587,0.041852888825484345,1.0,0.10504094171862727,0.11083786047851218,0.30082292400494487,41.022155062816644,2.5029976995683816,0.6135345621761251,0.5,-63.582609098899894,2.955633345743401,23.476156781546454
1,1,6,-23.28873349776997,0.9250000000000002,1.1390647892519134e-16,1.297468594113506e-32,1.0,0.0,0.0,4.558193497769967,45347.3,9640.760307219853,3627784.0,5000.0,9.069460000000001,353,647,1000,0.647,1000,0.2353643381231264,0.06630451748265913,0.029968829490916567,0.0855160547153234,0.30166577793200894,2.3588833498437514,2.3744990825448027,0.2689627432618829,0.5363145138277261,0.7355174492916968,0.05250126956977711,0.07895705833040799,0.1148790262338966,0.04469006033074153,0.09793971510992086,0.1518425491354932,0.04652702216868022,0.017945189310432187,50.0,18.461890848996497,9.026089056713314,0.5,-64.84491875276379,1.2752921767520196,11.80896677734406
1,1,4,9.995281892903579,0.125,0.0,0.0,0.5625,0.0,0.0,0.0976381070964199,112964.6,2065.6529454725064,9037168.0,5000.0,22.59292,1000,0,1000,0.0,1000,0.2589209121259852,0.050983884738847865,0.05454789616995083,0.05175960228943937,0.02239717515261772,9.730303598584792,5.6924117379724635,0.24670070503608343,0.8966819033761776,2.8697882441060485,0.050456609210924486,0.06386617388546585,0.05082842726630672,0.04678091491051276,0.16731740274981052,0.14011142642479055,0.14474811005970667,0.005,6.454534644573246,20.767769968553278,2.9599756847793643,10.0,-63.67652454022003,0.8590248238311711,86.45331021685183
1,1,2,-44.936066496087015,0.85,0.0,0.0,0.9750000000000002,2.278129578503827e-16,5.189874376454024e-32,0.9468539960870113,205053.9375,19170.23582215558,16404315.0,5000.0,41.0107875,1000,0,1000,0.0,1000,0.18053918035355704,0.03498926952044394,0.019925719309548857,0.07799381450961426,0.08562730467023874,2.9073005518986133,0.5531133598717841,1.1307379227568446,1.2318358784234817,20.0,0.05860552803263062,0.06831922221089398,0.09174561706525106,0.0945863693850466,0.057444723767022796,0.5247704517941166,0.03388489005516243,0.16109519716030923,4.479658262443546,3.729384423227288,1.4058772333952447,3.254207318619036,-65.01334870250359,0.5,67.22666996410585
1,1,3,5.109262223239431,0.6750000000000002,1.1390647892519134e-16,1.297468594113506e-32,1.0,0.0,0.0,1.4537064887043514,348066.6,5293.979596159864,27845328.0,5000.0,69.61332,816,38,854,0.04449648711943794,854,0.16313907248965004,0.07165341329902444,0.08461375678340081,0.07114057203572467,0.1386497274667792,1.0602729128588373,4.7128294146436,5.105359141166746,0.3458167516201115,14.046377000639565,0.05994157563271943,0.05649516468311645,0.04181193823966433,0.040854026531341604,0.06528201152288432,0.029735946710760557,0.005,0.42259292155793937,2.0,11.142819559932075,0.9419188814518294,1.280353277045669,-65.29787307682548,0.5,22.494185904144977
1,1,5,73.59608826842056,0.0,0.0,0.0,0.38750000000000007,5.695323946259567e-17,3.243671485283765e-33,0.05066173157944245,368233.75,1987.0040197955173,29458700.0,5000.0,73.64675,1000,0,1000,0.0,1000,0.1290803962883899,0.069921686069823,0.030999386466074905,0.014564746002735687,0.021988484484840354,0.5655191201985749,0.37017553814517973,2.895199842577272,3.0840129036628525,1.2694155198200072,0.1299012068813212,0.0573679010525299,0.04708577669274148,0.07637449859601085,0.6666329160078105,1.0,0.18525335113820518,1.0,2.0,10.95127107822281,1.2460411453065157,1.8516449442854743,-65.57415682201821,10.0,100.0
1,1,1,63.24729762007989,0.6750000000000002,1.1390647892519134e-16,1.297468594113506e-32,1.0,0.0,0.0,0.43281987992008714,655900.5875,6307.695088859241,52472047.0,5000.0,131.1801175,1000,0,1000,0.0,1000,0.11372143769531394,0.09951560167558465,0.04973713351776191,0.05985773214235209,0.039766363533432214,1.0866514657116781,0.5562425360821087,0.2298928319334411,0.05,1.3961604829276824,0.07054064990177987,0.034025411419240585,0.045618558796100904,0.03823919704550425,1.0,0.24050546669109668,0.045374885598045554,0.036741253990630475,50.0,2.0,0.5,2.8970812241410546,-64.80369590153613,0.5,9.731297559197067
1,1,8,129.64366462528207,0.11249999999999998,2.8476619731297836e-17,8.109178713209412e-34,0.3375000000000001,5.695323946259567e-17,3.243671485283765e-33,0.08296787471790931,704883.1625,19282.491859586808,56390653.0,5000.0,140.9766325,1000,0,1000,0.0,1000,0.1762689444394938,0.0658492613594489,0.0856765121400171,0.025682861924216382,0.01,0.24168806759741804,0.3406728900130679,0.12654888133103198,5.28373485956517,0.19020524983219234,0.16476325401989217,0.03956023438835627,0.03918349266157694,0.017979162306385216,0.6197842148702363,0.04762036034819189,0.04576567863233941,0.07598743337593787,25.31086349462101,9.558686510817793,0.5,3.6236196424758056,-65.45177033183748,3.3253119222465197,100.0
1,2,6,-67.00334408308102,0.9499999999999998,1.1390647892519134e-16,1.297468594113506e-32,1.0,0.0,0.0,3.967875923571826,61663.15,8265.142070501246,4933052.0,5000.0,12.33263,131,32,163,0.19631901840490798,163,0.11820185185158086,0.037887981712088466,0.027512825091308406,0.03057813482559213,0.6889859711120759,0.5622642471434949,0.546809357988262,14.149833053657922,2.7790054886056064,7.236597018502628,0.02782336013927648,0.08550036556577613,0.0572325627215055,0.042616051468111024,0.9098900469251193,0.6442254578458457,1.0,0.09984193974839031,11.177079842188121,2.0,0.5,0.7787609946812531,-63.78182677133051,5.294903361243715,5.0
1,2,5,-64.07516054790706,0.9624999999999998,2.278129578503827e-16,5.189874376454024e-32,1.0,0.0,0.0,5.273027725326434,38045.7875,13513.328614572036,3043663.0,5000.0,7.609157499999999,174,74,248,0.29838709677419356,248,0.29036599020641013,0.01696419424333809,0.03292346241388384,0.5972933360255328,0.19724877327961163,2.6256640197879357,0.08568386526373133,0.057474839375990815,2.8038186966146657,1.2219280149236147,0.029514385897435613,0.16404533800728902,0.07140021790601307,0.08164471650016368,0.1807539816385672,0.22223070803902112,0.031348587599411615,0.019751820966385093,46.41151076587189,2.0,0.7551022432424855,0.5,-63.9845816895766,5.357391226286075,7.187013902480317
1,2,7,-83.39892062566399,0.9499999999999998,1.1390647892519134e-16,1.297468594113506e-32,1.0,0.0,0.0,3.094853655967045,58328.15,7690.982824883841,4666252.0,5000.0,11.66563,480,15,495,0.030303030303030304,495,0.1718075335162429,0.035184820022226566,0.04064593160807497,0.06791318482308613,0.8735165763374191,0.7290915672318846,3.2107596037829347,0.7272131771128777,1.3015340776466953,3.1885410364296067,0.04668137143364877,0.051433625830172414,0.03614677989630654,0.0776484725611344,0.2645142422262962,0.36604841321037096,0.0219256114705962,0.4434233195842588,31.07874638029169,34.67225942506624,1.7685731208099609,0.5,-64.98319560726414,2.047193086618507,68.00978911849234
1,2,1,-57.37807403083712,0.8874999999999998,1.1390647892519134e-16,1.297468594113506e-32,0.9875000000000002,1.1390647892519134e-16,1.297468594113506e-32,1.2106765308371306,162913.0125,3112.6262487485924,13033041.0,5000.0,32.5826025,334,0,334,0.0,334,0.27356339248498535,0.05758552195550229,0.02232949015509914,0.04178505301394488,0.04543800405404267,0.5124371722972932,7.996895662657711,1.0032395274437087,2.307484542579592,20.0,0.07102132982847764,0.03398463322002567,0.036307245059986906,0.029954012831679918,0.1395916052826336,0.4183419340173183,0.5628604063465881,0.3462505643129309,4.969876625378014,3.809752894962068,0.526247469856038,9.42786613552725,-64.62416731917274,3.8715552409112854,10.35065352135779
1,2,3,-41.051796779714444,0.9750000000000002,2.278129578503827e-16,5.189874376454024e-32,1.0,0.0,0.0,3.652571779714438,73503.875,21684.011836511007,5880310.0,5000.0,14.700775,273,227,500,0.454,500,0.17383379435316318,0.039045657090823284,0.038183240531564286,0.46264649112324957,0.31865628956928826,0.4364155877722097,0.7082536498266154,0.6483846209193957,13.78835966067214,0.9557015599873303,0.11901089859921257,0.11223827463275939,0.04385509582224277,0.033317420804836656,0.033508836511837836,0.21396296401491285,0.17877036193781753,0.1866060160097414,9.94427666544776,2.0,0.5,0.8096271651484853,-63.95995557015739,0.5,33.70245489501697
1,2,4,-53.494477892246756,0.9624999999999998,2.278129578503827e-16,5.189874376454024e-32,1.0,0.0,0.0,3.765465786527538,106088.475,32875.18674499591,8487078.0,5000.0,21.217695000000003,431,146,577,0.2530329289428076,577,0.2263561471275325,0.04123542609480977,0.034240512219646274,0.03599967987535976,1.5,0.3182137195919303,1.1038832671814403,8.279572440990501,0.49532291489649943,5.51940237813885,0.13449260558204387,0.11350877774335039,0.06024498482178254,0.09523302826530806,0.2366970817485403,0.1994849929073407,0.6083262563644463,0.06004594745912933,6.021866727796033,6.873482635796031,0.5,0.6460358463361688,-64.45445757342702,0.5,8.397337489138929
1,2,2,2.597264446261507,0.875,0.0,0.0,1.0,0.0,0.0,1.0307237890326062,448287.0,6284.499653809695,35862960.0,5000.0,89.6574,670,10,680,0.014705882352941176,680,0.12399689541086183,0.05488339262141859,0.05937165672869857,0.036314433531870575,0.6708920989474372,1.0136512605037005,0.5225526113042822,1.5066744723682446,17.04489446780809,3.0925709380760193,0.06888913706593412,0.02586933781499411,0.08608230843442938,0.10659517033042427,0.7039750870097878,0.03535281554894545,0.055423559812315976,0.09717995552573166,30.40329870552201,2.0,0.5,0.9100186780001074,-63.55731269744473,0.5,8.654912037743605
1,2,8,53.714526494695455,0.13750000000000004,2.8476619731297836e-17,8.109178713209412e-34,0.7624999999999998,1.1390647892519134e-16,1.297468594113506e-32,0.1577360053045518,338111.3125,3851.0764518270025,27048905.0,5000.0,67.6222625,1000,0,1000,0.0,1000,0.32948811408289175,0.03047753997183344,0.035322643894240884,0.8150014604399539,0.027924548517921883,0.05,0.08140678273273122,0.45357073725145686,2.4379485707873303,5.1865174844945665,0.06159573148314516,0.042883143001688835,0.03928781468927288,0.0700844391384715,0.7505391442181654,0.09416202162862697,0.10665790115877403,0.01027401454209763,13.620746450669179,6.033640364573446,1.1478170451104674,1.6193754294250258,-65.4909220310131,2.852908944765054,7.775754226527228
1,3,7,-75.44342255930373,0.9750000000000002,2.278129578503827e-16,5.189874376454024e-32,1.0,0.0,0.0,3.051648993729941,2590.3125,1520.4352857223553,207225.0,5000.0,0.5180625,46,15,61,0.2459016393442623,61,0.1680106511176605,0.03481961165691191,0.06281770064212615,0.021641645739508098,0.3459238610107006,0.5298047369300277,0.13576998435502916,1.433809883187712,0.7108638305326432,2.032115630168756,0.04316812025013508,0.0976059820962616,0.03215744695495324,0.05880739772136903,0.4014541673940707,0.2869418000868889,0.5552655770539235,0.5279180606530286,48.87032241360535,2.0,0.5,3.801251894594431,-63.846778005458965,10.0,7.476083530116676
1,3,5,-69.16667160648895,0.9499999999999998,1.1390647892519134e-16,1.297468594113506e-32,1.0,0.0,0.0,4.352682439822283,9263.3875,1212.6775218472844,741071.0,5000.0,1.8526775000000002,43,17,60,0.2833333333333333,60,0.19133348830356256,0.0367959959459196,0.044290487370098615,0.01794481711989296,0.7602902118109222,0.2595322224345468,17.386481247335972,7.676531415465599,0.4448298076657347,2.975356664283903,0.06283559253225356,0.0559924820951588,0.11472507988139329,0.06720916092699056,0.26515057356035293,0.03570311981690386,0.10035601293209538,0.456984830469488,50.0,2.7659351515733746,0.8731583482249604,0.5,-63.94753271103149,4.836099236458324,59.75288213145011
1,3,1,-76.54144920708204,0.7750000000000001,1.1390647892519134e-16,1.297468594113506e-32,1.0,0.0,0.0,3.3473417070820175,21529.4625,778.8627532815824,1722357.0,5000.0,4.305892500000001,81,0,81,0.0,81,0.13195549222223396,0.04089445854269002,0.04138423189104028,0.04150661766237454,1.5,17.8490790482607,0.6652103007003957,3.099038866796041,0.6938528780401494,20.0,0.06117725460993222,0.06949795829727552,0.029001367132476856,0.10884931340466647,1.0,0.2835300057084789,0.012731431830137564,0.15465548393962297,8.042580772049691,50.0,1.5149000104977937,0.5,-64.69216214099184,5.835919277642439,5.0
1,3,8,-38.3555863510625,0.8874999999999998,1.1390647892519134e-16,1.297468594113506e-32,0.9750000000000002,2.278129578503827e-16,5.189874376454024e-32,2.3742876374702737,8989.1375,1411.5183291451297,719131.0,5000.0,1.7978275000000001,101,105,206,0.5097087378640777,206,0.27173269621636836,0.02945440183585531,0.03706049256518502,0.04163414987062319,0.1273136504638264,1.9962533335441126,2.885397944057849,1.6690336863440836,0.18033466255172864,10.946873349504205,0.018959563711894556,0.04763987392346623,0.08007484542658579,0.03701466492211961,0.04064820522771568,1.0,0.07861186572374265,0.031153126043865775,25.045286393569253,8.101683875507693,5.131695901703978,2.1267992260920847,-64.24781133432434,1.7596066223025155,5.0
1,3,6,-72.62825943545651,0.9624999999999998,2.278129578503827e-16,5.189874376454024e-32,1.0,0.0,0.0,1.825071877316983,106885.225,2311.7555605035295,8550818.0,5000.0,21.377045000000003,165,7,172,0.040697674418604654,172,0.13640593357020114,0.02493198476637797,0.04992331883975325,0.014699503762983627,1.5,0.84822938606434,0.4334918513285085,1.3593443360073694,0.19330866954719375,20.0,0.021376936083171018,0.08933246212344277,0.059678250553294836,0.09903768956365769,1.0,0.16836647833140556,0.06773580378308587,0.3404830016264172,3.75496759687598,4.593290778609108,0.646453482687493,0.5,-64.91799806710002,10.0,23.731825313529985
1,3,2,-72.40898561952557,0.9624999999999998,2.278129578503827e-16,5.189874376454024e-32,1.0,0.0,0.0,4.531428271040733,66104.6375,13264.596660401436,5288371.0,5000.0,13.2209275,252,45,297,0.15151515151515152,297,0.16233540546396452,0.015510740739932645,0.035806258322425226,0.05749176733554358,0.2967395753636568,2.637258382085724,3.1410991046810683,0.44669794873624846,2.3503559392958806,11.423916656452624,0.02480197325169779,0.0939386985733891,0.05471341964916595,0.08197715059612938,0.11407272559415084,0.19943911800692626,0.06554071976833324,0.13554307644195762,18.06251031517664,16.087886443808298,0.5522564274735524,0.6927493650393579,-65.25797062359372,3.669705731128296,21.49787707787086
1,3,4,-61.12135879437824,0.9750000000000002,2.278129578503827e-16,5.189874376454024e-32,1.0,0.0,0.0,3.70785379437822,63932.475,33845.4258420506,5114598.0,5000.0,12.786495,727,273,1000,0.273,1000,0.18142324300592777,0.026691921042444684,0.020575832443277646,0.2301517769415139,0.10999149258672315,0.9316299212322418,0.1003881456620071,1.4243531195337409,0.15889579880597848,3.3063720132565804,0.028383517129161224,0.079796327063946,0.07033085535015535,0.084669316223722,0.09412604888195225,0.28519454828122015,0.025471725709856837,0.2008063360700494,50.0,3.5235315198783375,0.5,0.654190483493379,-64.95994841040206,0.9186025163134393,10.865615447910436
1,3,3,52.162891679164616,0.625,0.0,0.0,1.0,0.0,0.0,0.39084165416871547,573602.0,5211.67164076357,45888160.0,5000.0,114.7204,897,3,900,0.0033333333333333335,900,0.13686658020341455,0.05860244489247128,0.027057968636900135,0.20456890947442774,0.47837064623070347,0.25499830426557957,20.0,0.9610403810555179,9.409235522734846,3.640268330106956,0.036502887177059566,0.05798416576851282,0.03821420364236146,0.08190715846793173,0.6977834817348129,0.16393335923595206,0.0806711281747669,0.495953762692069,29.611242270861894,2.0,0.5,1.626592114782845,-63.65806328163646,9.870497141629926,5.266173488630266
1,4,5,-0.10049920877026519,0.4875000000000001,1.1390647892519134e-16,1.297468594113506e-32,0.8125,0.0,0.0,1.4151692087702576,323.35,13.328469577030319,25868.0,5000.0,0.06467,2,2,4,0.5,4,0.14029944099132366,0.0448259509032993,0.03650543258032056,0.037818507319407856,1.5,13.112167014743381,2.2056582860591383,0.6834094270042262,0.840646454082083,1.8882963670342838,0.02784296249370027,0.05755312595834023,0.03390626973586161,0.09480448560473251,0.16763800998351197,0.9653411079788888,0.07172139457118543,0.04309988662348185,2.0,11.804559287463265,1.4181140777021821,0.5,-64.393092450991,1.898119776353293,5.0
1,4,6,-76.36385778334802,0.9624999999999998,2.278129578503827e-16,5.189874376454024e-32,0.9875000000000002,1.1390647892519134e-16,1.297468594113506e-32,5.2641258602711165,10366.725,2762.865687921451,829338.0,5000.0,2.073345,30,9,39,0.23076923076923078,39,0.15919458786344637,0.028363452453058394,0.0605099298690923,0.01,1.3868863164111829,2.981319068506452,1.1593964892722373,3.680524798204719,0.8043866329985196,10.301851545101245,0.03366554829881797,0.08334980729141091,0.019606004660814618,0.05683481677307389,0.44542335335320055,0.7512425591851024,0.034483822423524595,1.0,16.39776608501125,6.528167085278914,0.5,0.5,-65.56813014081021,6.613481583536617,21.820780940516094
1,4,4,-78.93789498436828,0.875,0.0,0.0,0.9750000000000002,2.278129578503827e-16,5.189874376454024e-32,1.5453561207319173,32355.4875,1315.4508684035084,2588439.0,5000.0,6.4710975,53,2,55,0.03636363636363636,55,0.10830057508580496,0.018929848895416487,0.04202650500493871,0.034841784448187335,1.5,4.5595587549505145,0.07503151465343591,0.4177875861601807,0.4599749566292903,7.518426107104832,0.08324809879856662,0.10035044092181597,0.023392822189075933,0.11131980724219992,0.11775563878273884,0.15669031281838428,0.026341360860551773,0.010366346084647404,2.0,6.270014579973074,0.5,2.9090473351521826,-65.36541183347902,10.0,100.0
1,4,1,-80.72977324731498,0.9875000000000002,1.1390647892519134e-16,1.297468594113506e-32,1.0,0.0,0.0,4.4475375372557995,23581.425,6638.068845251893,1886514.0,5000.0,4.716285,139,30,169,0.17751479289940827,169,0.09154494271618119,0.01966451634851535,0.029313134892883806,0.020136238648755692,1.5,20.0,0.0714102464546008,1.5629842994852774,0.20126295091484156,20.0,0.04014613155320301,0.06037959450539407,0.030695278115745354,0.07009754822359641,0.09763743919197147,0.20160517096226405,0.08143423212390345,0.04863812812249181,37.91172080464891,50.0,0.559482488963242,0.5,-65.27512651780218,2.4527407364643867,5.0
1,4,8,-47.48837761748527,0.7125000000000001,1.1390647892519134e-16,1.297468594113506e-32,0.9499999999999998,1.1390647892519134e-16,1.297468594113506e-32,0.6220776174852597,121918.5,446.00354769548863,9753480.0,5000.0,24.3837,152,0,152,0.0,152,0.11328171246283827,0.037660343820886066,0.04531232053374123,0.03818830741127479,1.0249784244856412,3.393401268318964,0.25140038421446864,1.1677137890830167,0.914039280149471,8.06413646896796,0.10094108307692723,0.1288964721002448,0.07000968699125107,0.08546334947510363,1.0,0.461069305191795,0.005432583210046882,1.0,2.0,17.210871661968138,0.5,0.6004400558806631,-65.18274586810507,7.145992784792059,32.11076857284664
1,4,3,-78.85142745055349,0.9125000000000002,2.278129578503827e-16,5.189874376454024e-32,1.0,0.0,0.0,2.1414578517880494,66527.3125,4610.226226893092,5322185.0,5000.0,13.3054625,160,2,162,0.012345679012345678,162,0.10791108623597086,0.028275372761862858,0.06361363772811647,0.03055437897738721,0.758617198222473,0.8168072255617866,0.1720585578424189,0.6368644939671847,1.19062056045161,13.166637661839394,0.06547099548229081,0.0433043741739993,0.043479213166579316,0.08533504483950087,1.0,0.09200575421692962,0.025527505801477116,0.8096134831329758,50.0,21.800496232993858,0.5,0.5,-64.97387177191891,6.48674717692454,5.0
1,4,2,2.234509257341837,0.5250000000000001,1.1390647892519134e-16,1.297468594113506e-32,0.9499999999999998,1.1390647892519134e-16,1.297468594113506e-32,1.1356457426581532,279350.775,1594.8005388953065,22348062.0,5000.0,55.870155000000004,521,0,521,0.0,521,0.10404088602591288,0.08523638442616024,0.03939106259316376,0.01,1.5,14.985022734861154,0.3023308861217842,2.1218817832019368,1.136890064815157,8.537054833406119,0.030834715724015742,0.051587691817124366,0.024807354098244094,0.07846665268831472,1.0,0.30190916195753015,0.21768791916089564,0.093713964475791,6.273029163312186,45.48375369104358,0.866435588062162,0.5,-64.72087488524109,10.0,5.0
1,4,7,89.50845141171824,0.5875000000000001,1.1390647892519134e-16,1.297468594113506e-32,0.8249999999999998,1.1390647892519134e-16,1.297468594113506e-32,0.06512108828175586,741617.8625,1804.2393308906974,59329429.0,5000.0,148.3235725,1000,0,1000,0.0,1000,0.142003285490434,0.041366340532461444,0.04576427325606209,0.015345362803049637,1.5,20.0,0.4008090697585977,2.1217187180251895,5.300828828617175,20.0,0.03772683546817535,0.06272114762502097,0.04964810206499358,0.09577337820252348,1.0,0.2943797746500674,0.6990501587951315,0.6613161099591559,7.3800812883277525,50.0,0.5,2.1783373348410264,-64.33653752242658,10.0,5.0
1,5,2,-55.813919263172735,0.8000000000000002,1.1390647892519134e-16,1.297468594113506e-32,0.9624999999999998,2.278129578503827e-16,5.189874376454024e-32,2.5870509298393918,532.325,144.1949080896664,42586.0,5000.0,0.106465,11,4,15,0.26666666666666666,15,0.10756147453166784,0.036815560200025556,0.03029460095271609,0.07463362179927358,1.5,20.0,0.2896943775681936,0.5206546767768067,0.8026896906836231,18.448381748518027,0.07411215018719622,0.1692775129252388,0.08272821021773084,0.1392244047307533,0.4265012291869829,1.0,0.021214982265474937,0.03723879621805843,40.99766756017303,41.68161531911423,4.646272163953414,0.5,-65.02011854294244,2.4006947991940404,23.86332060054268
1,5,1,-55.23850295771397,0.9499999999999998,1.1390647892519134e-16,1.297468594113506e-32,1.0,0.0,0.0,5.9314195678834665,8125.6,1859.1168898502813,650048.0,5000.0,1.6251200000000001,33,26,59,0.4406779661016949,59,0.09647489748948818,0.02094741138954129,0.01529789252375348,0.05759951242484825,0.6827244037307797,18.854567298610306,1.3173642659623404,1.0192120697125981,0.36461774850291356,20.0,0.04451053007440616,0.14985622582624017,0.01602532741926864,0.10023517024897041,0.06216262234222936,0.04718205929809934,0.04615015133290142,0.01703431262515287,35.440074915827154,4.945974827616493,0.5,0.6259115794435537,-65.0600717777876,0.6100531446757599,5.0
1,5,4,-78.4876516607346,0.9875000000000002,1.1390647892519134e-16,1.297468594113506e-32,1.0,0.0,0.0,5.600762017877445,15029.8375,5611.068156718063,1202387.0,5000.0,3.0059675,81,24,105,0.22857142857142856,105,0.07998708748290383,0.008207246653773209,0.04793130891468104,0.010781808414361228,0.8920447460915729,3.58839897697818,0.7995678084931875,0.3848038281432883,0.2439990485463457,20.0,0.045342651109588496,0.06427884848437981,0.05124754038041801,0.12501153056209893,0.2210157562167843,0.39698773552640143,0.07342300232739578,0.026982030395183747,50.0,15.351407212644073,0.5,0.5,-66.43239883557894,8.889297348636353,10.848546294978428
1,5,6,-48.13140044774521,0.9125000000000002,2.278129578503827e-16,5.189874376454024e-32,1.0,0.0,0.0,3.796890053008345,10893.2375,2839.674122165242,871459.0,5000.0,2.1786475,42,34,76,0.4473684210526316,76,0.09559810088141144,0.024262725269891837,0.04329280239067261,0.12907202843423737,1.5,20.0,0.06577953459698649,0.48195051684742657,1.1096286103830642,20.0,0.03754259787479325,0.045291673678114555,0.0322245823484712,0.08996825244809983,0.040203002856903876,0.15572563253111793,0.280965048733677,0.1027183940206955,24.445258428033267,50.0,0.5,0.5,-64.19763365046936,10.0,5.0
1,5,8,-93.64557933304992,0.9750000000000002,2.278129578503827e-16,5.189874376454024e-32,1.0,0.0,0.0,5.324260422435388,31926.925,11884.437761446528,2554154.0,5000.0,6.385384999999999,174,5,179,0.027932960893854747,179,0.09046040113258522,0.02259518799074957,0.03366297406422138,0.20265970995590335,1.5,6.3122423635617855,0.1405247453442864,14.902858713090485,1.200555944452461,20.0,0.06788975131479917,0.08990699932786965,0.04027239679278786,0.061751327353227206,0.051395287038947544,0.04484704755289811,0.026792476588649954,0.04960903669485509,27.809357248212805,35.81542420051616,0.5,1.0155991733092247,-64.60773937202782,10.0,5.0
1,5,7,-61.62757747783687,0.9624999999999998,2.278129578503827e-16,5.189874376454024e-32,1.0,0.0,0.0,5.101657219216191,153792.8125,34713.13943334467,12303425.0,5000.0,30.7585625,528,52,580,0.0896551724137931,580,0.17330296067378376,0.030980407901766194,0.050973546955184544,0.02237380542165646,1.5,20.0,0.6193088976278941,0.5829726998726661,0.10270471629025152,3.9757690179114475,0.07267740798719996,0.08041803807032596,0.03975878431001067,0.08903046292664209,0.09427575153150863,1.0,0.05117915700736032,0.0642649020840685,36.38535125028209,9.687763892960607,0.5,0.5,-65.30117913644875,4.375380764522507,8.101897858586423
1,5,5,-80.49200801761775,0.9875000000000002,1.1390647892519134e-16,1.297468594113506e-32,1.0,0.0,0.0,4.697408017617727,114777.0,37721.280508688855,9182160.0,5000.0,22.9554,736,0,736,0.0,736,0.11195475680920813,0.06271865424624827,0.028244542438841558,0.05095610369560466,1.5,10.219596135549677,0.06476862981136623,3.0002983936680576,0.403290907040033,20.0,0.04789644672784672,0.05973019011421545,0.031927404761594745,0.11613689331833724,0.1495059074171467,0.23653435854668733,0.025851603904993962,0.05315729430961574,50.0,5.828893089148223,0.5,3.3356901461048714,-64.64559662432742,1.80560225097631,8.78816078255016
1,5,3,-9.5029774865061,0.8999999999999998,2.278129578503827e-16,5.189874376454024e-32,1.0,0.0,0.0,2.634206165262591,415008.475,20854.955285225,33200678.0,5000.0,83.001695,771,1,772,0.0012953367875647669,772,0.10998861644024299,0.01791340562238702,0.04356504546457853,0.01,1.5,11.146745859727078,0.14085667602319962,0.32537394059112373,0.05,9.911677246730353,0.0673363881384751,0.12606468680311203,0.03168946775784374,0.07724453666365148,0.2027633910978132,0.020464149469483876,0.013614148963968682,0.02725401301078469,20.631893079823822,3.270467043255062,0.5,0.5,-64.96342809676715,3.1712619213950632,5.216758071403401
